"DatGeracaoConjuntoDados";"IdeCcd";"IdcTipoCcd";"NumCnaCcd";"DatAsnCcd";"DatFimCcd";"IdAgente";"NumCNPJ";"DscRazaoSocial";"NumCEPAgente";"SigUF";"NomMunicipio";"NomBairroAgente";"DscEnderecoAgente"
"2026-09-23";"6375";"CCO-Contrato de Concessão";"012/2007";"14/06/2007";"14/06/2037";"48";"33541368000116";"AXIA Nordeste";"50761901";"PE";"Recife    ";"SAN MARTIN";"RUA DELMIRO GOUVEIA, 333 EDIFÍCIO ANDRÉ FALCÃO - SALA A317 , 333"
"2026-09-23";"6376";"CCO-Contrato de Concessão";"011/2007";"14/06/2007";"14/06/2037";"6240";"8635011000150";"ATE VI";"22775022";"RJ";"Rio de Janeiro    ";"JACAREPAGUÁ";"AVENIDA EMBAIXADOR ABELARDO BUENO SALA 204 , 199"
"2026-09-23";"6377";"CCO-Contrato de Concessão";"010/2007";"14/06/2007";"14/06/2037";"48";"33541368000116";"AXIA Nordeste";"50761901";"PE";"Recife    ";"SAN MARTIN";"RUA DELMIRO GOUVEIA, 333 EDIFÍCIO ANDRÉ FALCÃO - SALA A317 , 333"
"2026-09-23";"6378";"CCO-Contrato de Concessão";"009/2007";"14/06/2007";"14/06/2037";"6241";"8232879000109";"ATE V";"22775042";"RJ";"Rio de Janeiro    ";"JACAREPAGUÁ";"RUA CARLOS MACHADO SALA 204 , 199"
"2026-09-23";"6379";"CCO-Contrato de Concessão";"008/2007";"14/06/2007";"14/06/2037";"6242";"7114999000149";"EVOLTZ IV";"22775022";"RJ";"Rio de Janeiro    ";"JACAREPAGUÁ";"AVENIDA EMBAIXADOR ABELARDO BUENO SALA 204 , 199"
"2026-09-23";"6380";"CCO-Contrato de Concessão";"007/2007";"14/06/2007";"14/06/2037";"6243";"8626861000191";"SPTE";"20071004";"RJ";"Rio de Janeiro    ";"CENTRO";"AVENIDA PRESIDENTE VARGAS 16 ANDAR , 955"
"2026-09-23";"6381";"CCO-Contrato de Concessão";"006/2007";"20/04/2007";"20/04/2037";"6244";"8600252000163";"ETES";"4547006";"SP";"São Paulo   ";"VILA OLÍMPIA";"RUA GOMES DE CARVALHO 15º ANDAR, CONJUNTO 151, SALA G , 1996"
"2026-09-23";"6383";"CCO-Contrato de Concessão";"004/2007";"20/04/2007";"20/04/2037";"6245";"8580534000146";"IE MINAS GERAIS";"4794000";"SP";"São Paulo   ";"VILA GERTRUDES";"AVENIDA DAS NAÇÕES UNIDAS TORRE CRYSTAL , 14171"
"2026-09-23";"6384";"CCO-Contrato de Concessão";"003/2007";"20/04/2007";"20/04/2037";"6246";"8533006000136";"RPTE";"20071004";"RJ";"Rio de Janeiro    ";"Centro";"Avenida Presidente Vargas, 955"
"2026-09-23";"6385";"CCO-Contrato de Concessão";"002/2007";"20/04/2007";"20/04/2037";"6247";"8532971000194";"PCTE";"20071004";"RJ";"Rio de Janeiro    ";"Centro";"Avenida Presidente Vargas, 955"
"2026-09-23";"6386";"CCO-Contrato de Concessão";"001/2007";"20/04/2007";"20/04/2037";"6248";"8583456000133";"JTE";"20021290";"RJ";"Rio de Janeiro    ";"CENTRO";"DO PASSEIO RUA DO PASSEIO"
"2026-09-23";"6387";"CCO-Contrato de Concessão";"007/2006";"27/04/2006";"27/04/2036";"407";"1180000126";"AXIA";"20030900";"RJ";"Rio de Janeiro    ";"Centro";"Edifício Avenida Graça Aranha, 26 Edifício Barão de Mauá - EBM , 26"
"2026-09-23";"6388";"CCO-Contrato de Concessão";"006/2006";"27/04/2006";"27/04/2036";"5454";"7752818000100";"STC";"88517625";"SC";"Lages    ";"CDL";"Rua Acy Aviano Varela Xavier, 50"
"2026-09-23";"6389";"CCO-Contrato de Concessão";"005/2006";"27/04/2006";"27/04/2036";"97";"2016507000169";"AXIA Sul";"88040901";"SC";"Florianópolis    ";"PANTANAL";"RUA DEPUTADO ANTÔNIO EDU VIEIRA, 999 , 999"
"2026-09-23";"6390";"CCO-Contrato de Concessão";"004/2006";"27/04/2006";"27/04/2036";"5457";"7272615000116";"LTT";"20021290";"RJ";"Rio de Janeiro    ";"CENTRO";"RUA DO PASSEIO SETOR 2, 12º ANDAR, SALA 1201 , 38"
"2026-09-23";"6391";"CCO-Contrato de Concessão";"003/2006";"27/04/2006";"27/04/2036";"5459";"7762066000168";"SMTE";"20071004";"RJ";"Rio de Janeiro    ";"CENTRO";"AVENIDA PRESIDENTE VARGAS 16 ANDAR , 995"
"2026-09-23";"6392";"CCO-Contrato de Concessão";"002/2006";"27/04/2006";"27/04/2036";"5456";"7799081000180";"INTESA";"22250906";"RJ";"Rio de Janeiro    ";"Botafogo";"Edifício Praia Botafogo, 228 Ed. Argentina - Sala 1201-F , -3"
"2026-09-23";"6393";"CCO-Contrato de Concessão";"001/2006";"27/04/2006";"27/04/2036";"7130";"7859971000130";"TAESA";"22640101";"RJ";"Rio de Janeiro    ";"Barra da Tijuca";"Avenida das Américas BLOCO 6 , 2480"
"2026-09-23";"6394";"CCO-Contrato de Concessão";"012/2005";"15/03/2005";"15/03/2035";"5011";"7153003000104";"TRANSIRAPÉ";"4551000";"SP";"São Paulo   ";"Vila Olímpia";"Rua Olimpíadas, 66"
"2026-09-23";"6395";"CCO-Contrato de Concessão";"011/2005";"15/03/2005";"15/03/2035";"7130";"7859971000130";"TAESA";"22640101";"RJ";"Rio de Janeiro    ";"Barra da Tijuca";"Avenida das Américas BLOCO 6 , 2480"
"2026-09-23";"6396";"CCO-Contrato de Concessão";"010/2005";"04/03/2005";"04/03/2035";"97";"2016507000169";"AXIA Sul";"88040901";"SC";"Florianópolis    ";"PANTANAL";"RUA DEPUTADO ANTÔNIO EDU VIEIRA, 999 , 999"
"2026-09-23";"6397";"CCO-Contrato de Concessão";"009/2005";"04/03/2005";"04/03/2035";"5013";"7081291000139";"PPTE";"20071004";"RJ";"Rio de Janeiro    ";"CENTRO";"AVENIDA PRESIDENTE VARGAS 16 ANDAR , 955"
"2026-09-23";"6398";"CCO-Contrato de Concessão";"008/2005";"04/03/2005";"04/03/2035";"48";"33541368000116";"AXIA Nordeste";"50761901";"PE";"Recife    ";"SAN MARTIN";"RUA DELMIRO GOUVEIA, 333 EDIFÍCIO ANDRÉ FALCÃO - SALA A317 , 333"
"2026-09-23";"6399";"CCO-Contrato de Concessão";"007/2005";"04/03/2005";"04/03/2035";"48";"33541368000116";"AXIA Nordeste";"50761901";"PE";"Recife    ";"SAN MARTIN";"RUA DELMIRO GOUVEIA, 333 EDIFÍCIO ANDRÉ FALCÃO - SALA A317 , 333"
"2026-09-23";"6400";"CCO-Contrato de Concessão";"006/2005";"04/03/2005";"04/03/2035";"407";"1180000126";"AXIA";"20030900";"RJ";"Rio de Janeiro    ";"Centro";"Edifício Avenida Graça Aranha, 26 Edifício Barão de Mauá - EBM , 26"
"2026-09-23";"6401";"CCO-Contrato de Concessão";"005/2005";"04/03/2005";"04/03/2035";"5014";"7085630000155";"TRANSUDESTE";"4551000";"SP";"São Paulo   ";"VILA OLÍMPIA";"OLIMPÍADAS RUA OLIMPÍADAS , -3"
"2026-09-23";"6402";"CCO-Contrato de Concessão";"004/2005";"04/03/2005";"04/03/2035";"5015";"7070850000105";"Centroeste";"30190131";"MG";"Belo Horizonte    ";"Santo Agostinho";"Avenida Barbacena Andar 19 , 1200"
"2026-09-23";"6403";"CCO-Contrato de Concessão";"003/2005";"04/03/2005";"04/03/2035";"5016";"7072909000102";"VCTE";"20021290";"RJ";"Rio de Janeiro    ";"CENTRO";"RUA DO PASSEIO SETOR 2, 12º ANDAR, SALA 1201 , 38"
"2026-09-23";"6404";"CCO-Contrato de Concessão";"002/2005";"04/03/2005";"04/03/2035";"5017";"7003112000145";"UIRAPURU";"81200240";"PR";"Curitiba    ";"CAMPO COMPRIDO";"RUA JOSÉ IZIDORO BIAZETTO , 158"
"2026-09-23";"6405";"CCO-Contrato de Concessão";"001/2005";"04/03/2005";"04/03/2035";"5018";"7081467000152";"ITE";"20071004";"RJ";"Rio de Janeiro    ";"Centro";"Avenida Presidente Vargas, 955"
"2026-09-23";"6406";"CCO-Contrato de Concessão";"009/2004";"18/02/2004";"18/02/2034";"4734";"5974828000164";"TRANSLESTE";"39600000";"MG";"Araçuaí     ";"CDL";"RODOVIA MG 367, KM 276,5 , S/N"
"2026-09-23";"6407";"CCO-Contrato de Concessão";"008/2004";"18/02/2004";"18/02/2034";"4835";"6001492000116";"AETE";"78043305";"MT";"Cuiabá    ";"DUQUE DE CAXIAS";"AVENIDA MIGUEL SUTIL TERREO , 8695"
"2026-09-23";"6408";"CCO-Contrato de Concessão";"007/2004";"18/02/2004";"18/02/2034";"4821";"5973734000170";"LUMITRANS";"88517625";"SC";"Lages    ";"CDL";"RUA ACY AVIANO VARELA XAVIER , 50"
"2026-09-23";"6409";"CCO-Contrato de Concessão";"006/2004";"18/02/2004";"18/02/2034";"7130";"7859971000130";"TAESA";"22640101";"RJ";"Rio de Janeiro    ";"Barra da Tijuca";"Avenida das Américas BLOCO 6 , 2480"
"2026-09-23";"6410";"CCO-Contrato de Concessão";"005/2004";"18/02/2004";"18/02/2034";"4825";"5991437000158";"STN";"50070440";"PE";"Recife    ";"Ilha do Leite";"Praça Doutor Fernando Figueira, 30"
"2026-09-23";"6411";"CCO-Contrato de Concessão";"004/2004";"18/02/2004";"18/02/2034";"97";"2016507000169";"AXIA Sul";"88040901";"SC";"Florianópolis    ";"PANTANAL";"RUA DEPUTADO ANTÔNIO EDU VIEIRA, 999 , 999"
"2026-09-23";"6412";"CCO-Contrato de Concessão";"003/2004";"18/02/2004";"18/02/2034";"7130";"7859971000130";"TAESA";"22640101";"RJ";"Rio de Janeiro    ";"Barra da Tijuca";"Avenida das Américas BLOCO 6 , 2480"
"2026-09-23";"6413";"CCO-Contrato de Concessão";"087/2002";"11/12/2002";"11/12/2032";"7130";"7859971000130";"TAESA";"22640101";"RJ";"Rio de Janeiro    ";"Barra da Tijuca";"Avenida das Américas BLOCO 6 , 2480"
"2026-09-23";"6414";"CCO-Contrato de Concessão";"086/2002";"20/12/2002";"20/12/2032";"3946";"4689936000122";"ETIM";"20071004";"RJ";"Rio de Janeiro    ";"CENTRO";"AVENIDA PRESIDENTE VARGAS 16 ANDAR , 955"
"2026-09-23";"6415";"CCO-Contrato de Concessão";"085/2002";"11/12/2002";"11/12/2032";"4380";"5321987000160";"ENTE";"4551000";"SP";"São Paulo   ";"VILA OLÍMPIA";"RUA OLIMPÍADAS 8º ANDAR , 66"
"2026-09-23";"6416";"CCO-Contrato de Concessão";"084/2002";"20/12/2002";"20/12/2032";"3945";"5336882000184";"CPTE";"20021290";"RJ";"Rio de Janeiro    ";"CENTRO";"RUA DO PASSEIO SETOR 02, 12º ANDAR, SALA 1201 , 38"
"2026-09-23";"6417";"CCO-Contrato de Concessão";"083/2002";"11/12/2002";"11/12/2032";"3939";"5321920000125";"ERTE";"4551000";"SP";"São Paulo   ";"VILA OLÍMPIA";"RUA OLIMPÍADAS 8º ANDAR , 66"
"2026-09-23";"6418";"CCO-Contrato de Concessão";"082/2002";"18/12/2002";"18/12/2032";"7082";"5063249000160";"ETAU";"22640101";"RJ";"Rio de Janeiro    ";"Barra da Tijuca";"Avenida das Américas BLOCO 6 , 2480"
"2026-09-23";"6419";"CCO-Contrato de Concessão";"081/2002";"19/12/2002";"19/12/2032";"7130";"7859971000130";"TAESA";"22640101";"RJ";"Rio de Janeiro    ";"Barra da Tijuca";"Avenida das Américas BLOCO 6 , 2480"
"2026-09-23";"6420";"CCO-Contrato de Concessão";"080/2002";"18/12/2002";"18/12/2032";"5785";"92715812000131";"CPFL Transmissão";"91410400";"RS";"Porto Alegre   ";"JARDIM DO SALSO";"AVENIDA JOAQUIM PORTO VILLANOVA PREDIO A1 - SALA 722 , 201"
"2026-09-23";"6421";"CCO-Contrato de Concessão";"002/2002";"21/01/2002";"21/01/2032";"7130";"7859971000130";"TAESA";"22640101";"RJ";"Rio de Janeiro    ";"Barra da Tijuca";"Avenida das Américas BLOCO 6 , 2480"
"2026-09-23";"6422";"CCO-Contrato de Concessão";"001/2002";"21/01/2002";"21/01/2032";"7130";"7859971000130";"TAESA";"22640101";"RJ";"Rio de Janeiro    ";"Barra da Tijuca";"Avenida das Américas BLOCO 6 , 2480"
"2026-09-23";"6423";"CCO-Contrato de Concessão";"143/2001";"21/12/2001";"21/12/2031";"18800";"32318927000160";"IE JAGUAR 6";"4794000";"SP";"São Paulo   ";"Vila Gertrudes";"Avenida das Nações Unidas, 14171"
"2026-09-23";"6424";"CCO-Contrato de Concessão";"075/2001";"17/08/2001";"17/08/2031";"6491";"4370282000170";"COPEL-GT";"81200240";"PR";"Curitiba    ";"Mossunguê";"Rua José Izidoro Biazetto, 158 "
"2026-09-23";"6425";"CCO-Contrato de Concessão";"063/2001";"01/01/2013";"01/01/2043";"5703";"7779299000173";"EDP GOIÁS";"5069900";"SP";"São Paulo   ";"LAPA DE BAIXO";"RUA WERNER VON SIEMENS 111 , 111"
"2026-09-23";"6426";"CCO-Contrato de Concessão";"062/2001";"01/01/2013";"01/01/2043";"407";"1180000126";"AXIA";"20030900";"RJ";"Rio de Janeiro    ";"Centro";"Edifício Avenida Graça Aranha, 26 Edifício Barão de Mauá - EBM , 26"
"2026-09-23";"6427";"CCO-Contrato de Concessão";"061/2001";"01/01/2013";"01/01/2043";"48";"33541368000116";"AXIA Nordeste";"50761901";"PE";"Recife    ";"SAN MARTIN";"RUA DELMIRO GOUVEIA, 333 EDIFÍCIO ANDRÉ FALCÃO - SALA A317 , 333"
"2026-09-23";"6428";"CCO-Contrato de Concessão";"060/2001";"01/01/2013";"01/01/2043";"6491";"4370282000170";"COPEL-GT";"81200240";"PR";"Curitiba    ";"Mossunguê";"Rua José Izidoro Biazetto, 158 "
"2026-09-23";"6429";"CCO-Contrato de Concessão";"059/2001";"01/01/2013";"01/01/2043";"68";"2998611000104";"ISA ENERGIA BRASIL";"4794000";"SP";"São Paulo   ";"VILA GERTRUDES";"AVENIDA DAS NAÇÕES UNIDAS 6º ANDAR - TORRE CRYSTAL , 14171"
"2026-09-23";"6430";"CCO-Contrato de Concessão";"058/2001";"01/01/2013";"01/01/2043";"372";"357038000116";"AXIA Norte";"70730524";"DF";"Brasília    ";"ASA NORTE";"SEPN 504 BLOCO D ED. CENTRO CORPORATIVO PORTINARI , 00"
"2026-09-23";"6431";"CCO-Contrato de Concessão";"057/2001";"01/01/2013";"01/01/2043";"97";"2016507000169";"AXIA Sul";"88040901";"SC";"Florianópolis    ";"PANTANAL";"RUA DEPUTADO ANTÔNIO EDU VIEIRA, 999 , 999"
"2026-09-23";"6433";"CCO-Contrato de Concessão";"055/2001";"01/01/2013";"01/01/2043";"5785";"92715812000131";"CPFL Transmissão";"91410400";"RS";"Porto Alegre   ";"JARDIM DO SALSO";"AVENIDA JOAQUIM PORTO VILLANOVA PREDIO A1 - SALA 722 , 201"
"2026-09-23";"6434";"CCO-Contrato de Concessão";"043/2001";"12/06/2001";"12/06/2031";"2648";"4416923000180";"ETEP";"4551000";"SP";"São Paulo   ";"VILA OLÍMPIA";"RUA OLIMPÍADAS 8º ANDAR , 66"
"2026-09-23";"6435";"CCO-Contrato de Concessão";"042/2001";"12/06/2001";"12/06/2031";"2651";"4416935000104";"EATE";"4551000";"SP";"São Paulo   ";"VILA OLÍMPIA";"RUA OLIMPÍADAS 8º ANDAR , 66"
"2026-09-23";"6436";"CCO-Contrato de Concessão";"034/2001";"09/05/2001";"09/05/2031";"407";"1180000126";"AXIA";"20030900";"RJ";"Rio de Janeiro    ";"Centro";"Edifício Avenida Graça Aranha, 26 Edifício Barão de Mauá - EBM , 26"
"2026-09-23";"6437";"CCO-Contrato de Concessão";"097/2000";"20/12/2000";"20/12/2030";"7130";"7859971000130";"TAESA";"22640101";"RJ";"Rio de Janeiro    ";"Barra da Tijuca";"Avenida das Américas BLOCO 6 , 2480"
"2026-09-23";"6438";"CCO-Contrato de Concessão";"096/2000";"20/12/2000";"20/12/2030";"2608";"4100850000112";"ETEE";"20071004";"RJ";"Rio de Janeiro    ";"CENTRO";"AVENIDA PRESIDENTE VARGAS 16 ANDAR , 955"
"2026-09-23";"6439";"CCO-Contrato de Concessão";"095/2000";"20/12/2000";"20/12/2030";"7130";"7859971000130";"TAESA";"22640101";"RJ";"Rio de Janeiro    ";"Barra da Tijuca";"Avenida das Américas BLOCO 6 , 2480"
"2026-09-23";"6440";"CCO-Contrato de Concessão";"088/2000";"01/11/2000";"01/11/2030";"2606";"3984987000114";"ECTE";"88517625";"SC";"Lages    ";"CDL";"RUA ACY AVIANO VARELA XAVIER SALA D , S/N"
"2026-09-23";"6441";"CCO-Contrato de Concessão";"079/2000";"04/10/2000";"04/10/2030";"4951";"6981176000158";"CEMIG-GT";"30190131";"MG";"Belo Horizonte    ";"Santo Agostinho";"Avenida Barbacena, 1200"
"2026-09-23";"6442";"CCO-Contrato de Concessão";"040/2000";"12/05/2000";"12/05/2030";"7130";"7859971000130";"TAESA";"22640101";"RJ";"Rio de Janeiro    ";"Barra da Tijuca";"Avenida das Américas BLOCO 6 , 2480"
"2026-09-23";"6443";"CCO-Contrato de Concessão";"006/1997";"01/01/2013";"01/01/2043";"4951";"6981176000158";"CEMIG-GT";"30190131";"MG";"Belo Horizonte    ";"Santo Agostinho";"Avenida Barbacena, 1200"
"2026-09-23";"6444";"CCO-Contrato de Concessão";"032/2018";"04/06/1996";"03/06/2026";"";"";"";"";"";"";"";""
"2026-09-23";"6445";"CCO-Contrato de Concessão";"020/2008";"17/07/1995";"17/07/2025";"7055";"8543286000163";"EVRECY";"4794000";"SP";"São Paulo   ";"VILA GERTRUDES";"AVENIDA DAS NAÇÕES UNIDAS TORRE CRYSTAL , 14171"
"2026-09-23";"6446";"CCO-Contrato de Concessão";"001/2010";"12/04/1997";"08/08/2027";"7284";"10338320000100";"AFLUENTE T";"13053024";"SP";"Campinas    ";"JARDIM NOVA AMÉRICA";"RUA ARY ANTENOR DE SOUZA , 321"
"2026-09-23";"6466";"CCO-Contrato de Concessão";"001/2008";"17/03/2008";"17/03/2038";"6623";"9276712000102";"IENNE";"4794000";"SP";"São Paulo   ";"VILA GERTRUDES";"AVENIDA DAS NAÇÕES UNIDAS TORRE CRYSTAL , 14171"
"2026-09-23";"6467";"CCO-Contrato de Concessão";"002/2008";"17/03/2008";"17/03/2038";"6624";"9250729000190";"IRACEMA";"20071004";"RJ";"Rio de Janeiro    ";"Centro";"Avenida Presidente Vargas, 955"
"2026-09-23";"6468";"CCO-Contrato de Concessão";"013/2007";"09/10/2007";"09/10/2037";"6622";"8806925000136";"ATE VII";"22775022";"RJ";"Rio de Janeiro    ";"JACAREPAGUÁ";"AVENIDA EMBAIXADOR ABELARDO BUENO SALA 204 , 199"
"2026-09-23";"6469";"CCO-Contrato de Concessão";"004/2008";"17/03/2008";"17/03/2038";"97";"2016507000169";"AXIA Sul";"88040901";"SC";"Florianópolis    ";"PANTANAL";"RUA DEPUTADO ANTÔNIO EDU VIEIRA, 999 , 999"
"2026-09-23";"6470";"CCO-Contrato de Concessão";"005/2008";"17/03/2008";"17/03/2038";"48";"33541368000116";"AXIA Nordeste";"50761901";"PE";"Recife    ";"SAN MARTIN";"RUA DELMIRO GOUVEIA, 333 EDIFÍCIO ANDRÉ FALCÃO - SALA A317 , 333"
"2026-09-23";"6471";"CCO-Contrato de Concessão";"006/2008";"17/03/2008";"17/03/2038";"6491";"4370282000170";"COPEL-GT";"81200240";"PR";"Curitiba    ";"Mossunguê";"Rua José Izidoro Biazetto, 158 "
"2026-09-23";"6472";"CCO-Contrato de Concessão";"007/2008";"17/03/2008";"17/03/2038";"372";"357038000116";"AXIA Norte";"70730524";"DF";"Brasília    ";"ASA NORTE";"SEPN 504 BLOCO D ED. CENTRO CORPORATIVO PORTINARI , 00"
"2026-09-23";"6473";"CCO-Contrato de Concessão";"003/2008";"17/03/2008";"17/03/2038";"6625";"9274998000197";"BRASNORTE";"22640101";"RJ";"Rio de Janeiro    ";"Barra da Tijuca";"Avenida das Américas BLOCO 6 , 2480"
"2026-09-23";"6474";"CCO-Contrato de Concessão";"011/2008";"16/10/2008";"16/10/2038";"6901";"10319371000194";"EBTE";"4551000";"SP";"São Paulo   ";"VILA OLÍMPIA";"RUA OLIMPÍADAS 8º ANDAR , 66"
"2026-09-23";"6475";"CCO-Contrato de Concessão";"008/2008";"16/10/2008";"16/10/2038";"6907";"10240186000100";"LXTE";"70340907";"DF";"Brasília    ";"ASA SUL";"SRTVS CONJUNTO D BLOCOS A, B E C LOTE 5 SALAS 531, 533 E 534 , 533"
"2026-09-23";"6476";"CCO-Contrato de Concessão";"009/2008";"16/10/2008";"16/10/2038";"6906";"10234027000100";"LMTE";"70340907";"DF";"Brasília    ";"ASA SUL";"SRTVS CONJUNTO D BLOCOS A, B E C LOTE 5 SALAS 531, 533 E 534 , 533"
"2026-09-23";"6477";"CCO-Contrato de Concessão";"010/2008";"16/10/2008";"16/10/2038";"6908";"9584854000137";"MANAUS TR";"22775022";"RJ";"Rio de Janeiro    ";"JACAREPAGUÁ";"AVENIDA EMBAIXADOR ABELARDO BUENO SALA 204 , 199"
"2026-09-23";"6478";"CCO-Contrato de Concessão";"019/2008";"16/10/2008";"16/10/2038";"6903";"10242700000146";"COQUEIROS";"20021290";"RJ";"Rio de Janeiro    ";"NomBairro";"RUA DO PASSEIO"
"2026-09-23";"6479";"CCO-Contrato de Concessão";"014/2008";"16/10/2008";"16/10/2038";"48";"33541368000116";"AXIA Nordeste";"50761901";"PE";"Recife    ";"SAN MARTIN";"RUA DELMIRO GOUVEIA, 333 EDIFÍCIO ANDRÉ FALCÃO - SALA A317 , 333"
"2026-09-23";"6480";"CCO-Contrato de Concessão";"016/2008";"16/10/2008";"16/10/2038";"6905";"10261111000105";"IESUL";"4794000";"SP";"São Paulo   ";"VILA GERTRUDES";"AVENIDA DAS NAÇÕES UNIDAS TORRE CRYSTAL , 14171"
"2026-09-23";"6481";"CCO-Contrato de Concessão";"017/2008";"16/10/2008";"16/10/2038";"6910";"10242524000142";"PEDRAS";"20021290";"RJ";"Rio de Janeiro    ";"CENTRO";"RUA DO PASSEIO SETOR 2, 12º ANDAR, SALA 1201 , 38"
"2026-09-23";"6482";"CCO-Contrato de Concessão";"018/2008";"16/10/2008";"16/10/2038";"6904";"10260820000176";"IE PINHEIROS";"4794000";"SP";"São Paulo   ";"VILA GERTRUDES";"AVENIDA DAS NAÇÕES UNIDAS TORRE CRYSTAL , 14171"
"2026-09-23";"6483";"CCO-Contrato de Concessão";"013/2008";"16/10/2008";"16/10/2038";"6905";"10261111000105";"IESUL";"4794000";"SP";"São Paulo   ";"VILA GERTRUDES";"AVENIDA DAS NAÇÕES UNIDAS TORRE CRYSTAL , 14171"
"2026-09-23";"6484";"CCO-Contrato de Concessão";"012/2008";"16/10/2008";"16/10/2038";"17608";"32578582000184";"IE JAGUAR 8";"4794000";"SP";"São Paulo   ";"Vila Gertrudes";"Avenida das Nações Unidas, 14.171"
"2026-09-23";"6485";"CCO-Contrato de Concessão";"015/2008";"16/10/2008";"16/10/2038";"18801";"32318903000101";"IE JAGUAR 9";"4794000";"SP";"São Paulo   ";"Vila Gertrudes";"Avenida das Nações Unidas, 14171"
"2026-09-23";"6486";"CCO-Contrato de Concessão";"001/2009";"28/01/2009";"28/01/2039";"372";"357038000116";"AXIA Norte";"70730524";"DF";"Brasília    ";"ASA NORTE";"SEPN 504 BLOCO D ED. CENTRO CORPORATIVO PORTINARI , 00"
"2026-09-23";"6487";"CCO-Contrato de Concessão";"002/2009";"28/01/2009";"28/01/2039";"372";"357038000116";"AXIA Norte";"70730524";"DF";"Brasília    ";"ASA NORTE";"SEPN 504 BLOCO D ED. CENTRO CORPORATIVO PORTINARI , 00"
"2026-09-23";"6488";"CCO-Contrato de Concessão";"003/2009";"28/01/2009";"28/01/2039";"407";"1180000126";"AXIA";"20030900";"RJ";"Rio de Janeiro    ";"Centro";"Edifício Avenida Graça Aranha, 26 Edifício Barão de Mauá - EBM , 26"
"2026-09-23";"6489";"CCO-Contrato de Concessão";"004/2009";"28/01/2009";"28/01/2039";"8466";"10337920000153";"NARANDIBA";"22210030";"RJ";"Rio de Janeiro    ";"Flamengo";"Praia do Flamengo, 78"
"2026-09-23";"6490";"CCO-Contrato de Concessão";"005/2009";"28/01/2009";"28/01/2039";"97";"2016507000169";"AXIA Sul";"88040901";"SC";"Florianópolis    ";"PANTANAL";"RUA DEPUTADO ANTÔNIO EDU VIEIRA, 999 , 999"
"2026-09-23";"6491";"CCO-Contrato de Concessão";"006/2009";"28/01/2009";"28/01/2039";"48";"33541368000116";"AXIA Nordeste";"50761901";"PE";"Recife    ";"SAN MARTIN";"RUA DELMIRO GOUVEIA, 333 EDIFÍCIO ANDRÉ FALCÃO - SALA A317 , 333"
"2026-09-23";"6492";"CCO-Contrato de Concessão";"010/2009";"26/02/2009";"26/02/2039";"372";"357038000116";"AXIA Norte";"70730524";"DF";"Brasília    ";"ASA NORTE";"SEPN 504 BLOCO D ED. CENTRO CORPORATIVO PORTINARI , 00"
"2026-09-23";"6493";"CCO-Contrato de Concessão";"011/2009";"26/02/2009";"26/02/2039";"6955";"10542732000167";"CATXERÊ";"20071004";"RJ";"Rio de Janeiro    ";"CENTRO";"AVENIDA PRESIDENTE VARGAS 16 ANDAR , 955"
"2026-09-23";"6494";"CCO-Contrato de Concessão";"012/2009";"26/02/2009";"26/02/2039";"372";"357038000116";"AXIA Norte";"70730524";"DF";"Brasília    ";"ASA NORTE";"SEPN 504 BLOCO D ED. CENTRO CORPORATIVO PORTINARI , 00"
"2026-09-23";"6495";"CCO-Contrato de Concessão";"013/2009";"26/02/2009";"26/02/2039";"6957";"10562611000187";"IEMADEIRA";"14801534";"SP";"Araraquara     ";"JARDIM DOS MANACÁS";"AVENIDA RODRIGO FERNANDO GRILLO , 207"
"2026-09-23";"6496";"CCO-Contrato de Concessão";"014/2009";"26/02/2009";"26/02/2039";"6954";"10542659000123";"ARARAQUARA";"20071004";"RJ";"Rio de Janeiro    ";"CENTRO";"AVENIDA PRESIDENTE VARGAS 16 ANDAR , 955"
"2026-09-23";"6497";"CCO-Contrato de Concessão";"015/2009";"26/02/2009";"26/02/2039";"6957";"10562611000187";"IEMADEIRA";"14801534";"SP";"Araraquara     ";"JARDIM DOS MANACÁS";"AVENIDA RODRIGO FERNANDO GRILLO , 207"
"2026-09-23";"6498";"CCO-Contrato de Concessão";"016/2009";"26/02/2009";"26/02/2039";"6958";"9625321000156";"NBTE";"22775022";"RJ";"Rio de Janeiro    ";"JACAREPAGUÁ";"AVENIDA EMBAIXADOR ABELARDO BUENO SALA 204 , 199"
"2026-09-23";"6503";"CCO-Contrato de Concessão";"018/2009";"03/08/2009";"03/08/2039";"48";"33541368000116";"AXIA Nordeste";"50761901";"PE";"Recife    ";"SAN MARTIN";"RUA DELMIRO GOUVEIA, 333 EDIFÍCIO ANDRÉ FALCÃO - SALA A317 , 333"
"2026-09-23";"6504";"CCO-Contrato de Concessão";"017/2009";"03/08/2009";"03/08/2039";"48";"33541368000116";"AXIA Nordeste";"50761901";"PE";"Recife    ";"SAN MARTIN";"RUA DELMIRO GOUVEIA, 333 EDIFÍCIO ANDRÉ FALCÃO - SALA A317 , 333"
"2026-09-23";"6505";"CCO-Contrato de Concessão";"007/2009";"23/04/2009";"23/04/2039";"7091";"10559663000102";"ITATIM";"20071004";"RJ";"Rio de Janeiro    ";"CENTRO";"AVENIDA PRESIDENTE VARGAS 16 ANDAR , 955"
"2026-09-23";"6506";"CCO-Contrato de Concessão";"008/2009";"27/04/2009";"27/04/2039";"7089";"10552848000187";"BRILHANTE";"20021290";"RJ";"Rio de Janeiro    ";"CENTRO";"RUA DO PASSEIO SALA 1201,  TORRE 02 , 38"
"2026-09-23";"6507";"CCO-Contrato de Concessão";"009/2009";"23/04/2009";"26/05/2040";"7090";"10553895000145";"TER";"20031050";"RJ";"Rio de Janeiro    ";"CENTRO";"PRAÇA FLORIANO SALA 601 , 19"
"2026-09-23";"6508";"CCO-Contrato de Concessão";"019/2009";"19/11/2009";"19/11/2039";"7214";"10938103000150";"TPAE";"90560002";"RS";"Porto Alegre   ";"FLORESTA";"AVENIDA CRISTÓVÃO COLOMBO CJ 405 , 1160"
"2026-09-23";"6509";"CCO-Contrato de Concessão";"021/2009";"19/11/2009";"19/11/2039";"372";"357038000116";"AXIA Norte";"70730524";"DF";"Brasília    ";"ASA NORTE";"SEPN 504 BLOCO D ED. CENTRO CORPORATIVO PORTINARI , 00"
"2026-09-23";"6510";"CCO-Contrato de Concessão";"022/2009";"19/11/2009";"19/11/2039";"372";"357038000116";"AXIA Norte";"70730524";"DF";"Brasília    ";"ASA NORTE";"SEPN 504 BLOCO D ED. CENTRO CORPORATIVO PORTINARI , 00"
"2026-09-23";"6511";"CCO-Contrato de Concessão";"023/2009";"19/11/2009";"19/11/2039";"7217";"10994254000126";"TME";"78040365";"MT";"Cuiabá    ";"Santa Rosa";"Avenida Miguel Sutil, 8695 "
"2026-09-23";"6512";"CCO-Contrato de Concessão";"024/2009";"19/11/2009";"19/11/2039";"7218";"10997565000149";"TSP";"20031924";"RJ";"Rio de Janeiro    ";"CENTRO";"PRAÇA FLORIANO, 19 SALA 601 , 19"
"2026-09-23";"6513";"CCO-Contrato de Concessão";"025/2009";"19/11/2009";"19/11/2039";"7219";"11004138000185";"ESDE";"4551000";"SP";"São Paulo   ";"VILA OLÍMPIA";"RUA OLIMPÍADAS 8º ANDAR , 66"
"2026-09-23";"6514";"CCO-Contrato de Concessão";"026/2009";"19/11/2009";"19/11/2039";"7220";"10960725000185";"IEJAPI";"4794000";"SP";"São Paulo   ";"VILA GERTRUDES";"AVENIDA DAS NAÇÕES UNIDAS TORRE CRYSTAL , 14171"
"2026-09-23";"6515";"CCO-Contrato de Concessão";"027/2009";"19/11/2009";"19/11/2039";"6491";"4370282000170";"COPEL-GT";"81200240";"PR";"Curitiba    ";"Mossunguê";"Rua José Izidoro Biazetto, 158 "
"2026-09-23";"6516";"CCO-Contrato de Concessão";"028/2009";"19/11/2009";"19/11/2039";"407";"1180000126";"AXIA";"20030900";"RJ";"Rio de Janeiro    ";"Centro";"Edifício Avenida Graça Aranha, 26 Edifício Barão de Mauá - EBM , 26"
"2026-09-23";"6519";"CCO-Contrato de Concessão";"002/2010";"12/07/2010";"12/07/2040";"7351";"11708279000189";"GOIAS";"20031050";"RJ";"Rio de Janeiro    ";"Centro";"Praça Floriano Sala 601 , 19"
"2026-09-23";"6520";"CCO-Contrato de Concessão";"003/2010";"12/07/2010";"12/07/2040";"7354";"11620646000198";"MONTESCLAROS";"20071004";"RJ";"Rio de Janeiro    ";"CENTRO";"AVENIDA PRESIDENTE VARGAS 16 ANDAR , 955"
"2026-09-23";"6521";"CCO-Contrato de Concessão";"004/2010";"12/07/2010";"12/07/2040";"48";"33541368000116";"AXIA Nordeste";"50761901";"PE";"Recife    ";"SAN MARTIN";"RUA DELMIRO GOUVEIA, 333 EDIFÍCIO ANDRÉ FALCÃO - SALA A317 , 333"
"2026-09-23";"6522";"CCO-Contrato de Concessão";"005/2010";"12/07/2010";"12/07/2040";"7356";"11589522000197";"ETEM";"4547005";"SP";"São Paulo   ";"VILA OLÍMPIA";"RUA GOMES DE CARVALHO 15º ANDAR, SALA F , 1996"
"2026-09-23";"6523";"CCO-Contrato de Concessão";"006/2010";"12/07/2010";"12/07/2040";"407";"1180000126";"AXIA";"20030900";"RJ";"Rio de Janeiro    ";"Centro";"Edifício Avenida Graça Aranha, 26 Edifício Barão de Mauá - EBM , 26"
"2026-09-23";"6524";"CCO-Contrato de Concessão";"007/2010";"12/07/2010";"12/07/2040";"48";"33541368000116";"AXIA Nordeste";"50761901";"PE";"Recife    ";"SAN MARTIN";"RUA DELMIRO GOUVEIA, 333 EDIFÍCIO ANDRÉ FALCÃO - SALA A317 , 333"
"2026-09-23";"6525";"CCO-Contrato de Concessão";"008/2010";"12/07/2010";"12/07/2040";"7357";"11638929000167";"MGE";"20031924";"RJ";"Rio de Janeiro    ";"CENTRO";"PRAÇA FLORIANO, 19 SALA 601 , 19"
"2026-09-23";"6526";"CCO-Contrato de Concessão";"009/2010";"12/07/2010";"12/07/2040";"372";"357038000116";"AXIA Norte";"70730524";"DF";"Brasília    ";"ASA NORTE";"SEPN 504 BLOCO D ED. CENTRO CORPORATIVO PORTINARI , 00"
"2026-09-23";"6528";"CCO-Contrato de Concessão";"010/2010";"06/10/2010";"06/10/2040";"6491";"4370282000170";"COPEL-GT";"81200240";"PR";"Curitiba    ";"Mossunguê";"Rua José Izidoro Biazetto, 158 "
"2026-09-23";"6529";"CCO-Contrato de Concessão";"011/2010";"06/10/2010";"06/10/2040";"97";"2016507000169";"AXIA Sul";"88040901";"SC";"Florianópolis    ";"PANTANAL";"RUA DEPUTADO ANTÔNIO EDU VIEIRA, 999 , 999"
"2026-09-23";"6530";"CCO-Contrato de Concessão";"012/2010";"06/10/2010";"06/10/2040";"97";"2016507000169";"AXIA Sul";"88040901";"SC";"Florianópolis    ";"PANTANAL";"RUA DEPUTADO ANTÔNIO EDU VIEIRA, 999 , 999"
"2026-09-23";"6531";"CCO-Contrato de Concessão";"015/2010";"06/10/2010";"06/10/2040";"6491";"4370282000170";"COPEL-GT";"81200240";"PR";"Curitiba    ";"Mossunguê";"Rua José Izidoro Biazetto, 158 "
"2026-09-23";"6532";"CCO-Contrato de Concessão";"013/2010";"06/10/2010";"06/10/2040";"48";"33541368000116";"AXIA Nordeste";"50761901";"PE";"Recife    ";"SAN MARTIN";"RUA DELMIRO GOUVEIA, 333 EDIFÍCIO ANDRÉ FALCÃO - SALA A317 , 333"
"2026-09-23";"6533";"CCO-Contrato de Concessão";"014/2010";"06/10/2010";"06/10/2040";"48";"33541368000116";"AXIA Nordeste";"50761901";"PE";"Recife    ";"SAN MARTIN";"RUA DELMIRO GOUVEIA, 333 EDIFÍCIO ANDRÉ FALCÃO - SALA A317 , 333"
"2026-09-23";"6534";"CCO-Contrato de Concessão";"016/2010";"22/12/2010";"22/12/2040";"7525";"12402255000160";"ATLÂNTICO";"20071004";"RJ";"Rio de Janeiro    ";"Centro";"Avenida Presidente Vargas, 955"
"2026-09-23";"6535";"CCO-Contrato de Concessão";"017/2010";"13/12/2010";"13/12/2040";"7523";"12285462000181";"ENCRUZO";"20021290";"RJ";"Rio de Janeiro    ";"CENTRO";"RUA DO PASSEIO SETOR 2, 12º ANDAR, SALA 1201 , 38"
"2026-09-23";"6536";"CCO-Contrato de Concessão";"018/2010";"23/12/2010";"23/12/2040";"7526";"12385102000151";"ETVG";"78040365";"MT";"Cuiabá    ";"SANTA ROSA";"AVENIDA MIGUEL SUTIL 3º ANDAR, 30 B2 E 30 B3 - EDIFICIO CENTRUS TOWER , 8695"
"2026-09-23";"6537";"CCO-Contrato de Concessão";"019/2010";"23/11/2010";"23/11/2040";"48";"33541368000116";"AXIA Nordeste";"50761901";"PE";"Recife    ";"SAN MARTIN";"RUA DELMIRO GOUVEIA, 333 EDIFÍCIO ANDRÉ FALCÃO - SALA A317 , 333"
"2026-09-23";"6538";"CCO-Contrato de Concessão";"020/2010";"23/11/2010";"23/11/2040";"48";"33541368000116";"AXIA Nordeste";"50761901";"PE";"Recife    ";"SAN MARTIN";"RUA DELMIRO GOUVEIA, 333 EDIFÍCIO ANDRÉ FALCÃO - SALA A317 , 333"
"2026-09-23";"6539";"CCO-Contrato de Concessão";"021/2010";"23/11/2010";"23/11/2040";"48";"33541368000116";"AXIA Nordeste";"50761901";"PE";"Recife    ";"SAN MARTIN";"RUA DELMIRO GOUVEIA, 333 EDIFÍCIO ANDRÉ FALCÃO - SALA A317 , 333"
"2026-09-23";"6542";"CCO-Contrato de Concessão";"002/2011";"16/06/2011";"16/06/2041";"97";"2016507000169";"AXIA Sul";"88040901";"SC";"Florianópolis    ";"PANTANAL";"RUA DEPUTADO ANTÔNIO EDU VIEIRA, 999 , 999"
"2026-09-23";"6543";"CCO-Contrato de Concessão";"003/2011";"16/06/2011";"16/06/2041";"7741";"13317273000106";"CALDAS NOVAS";"75680001";"GO";"Caldas Novas   ";"CENTRO";"RUA CORONEL CIRILO LOPES DE MORAIS FAZENDA BURITI , S/N"
"2026-09-23";"6544";"CCO-Contrato de Concessão";"005/2011";"16/06/2011";"16/06/2041";"7740";"13227009000181";"LTC";"20021290";"RJ";"Rio de Janeiro    ";"CENTRO";"RUA DO PASSEIO SETOR 2, 12 º ANDAR, SALA 1201 , 38"
"2026-09-23";"6545";"CCO-Contrato de Concessão";"006/2011";"16/06/2011";"16/06/2041";"7742";"13279118000142";"SLTE";"20020080";"RJ";"Rio de Janeiro    ";"CENTRO";"AVENIDA MARECHAL CÂMARA SALA 1735 , 160"
"2026-09-23";"6546";"CCO-Contrato de Concessão";"007/2011";"16/06/2011";"16/06/2041";"7738";"10515756000127";"EVOLTZ VIII";"22775022";"RJ";"Rio de Janeiro    ";"Jacarepaguá";"Avenida Embaixador Abelardo Bueno, 199"
"2026-09-23";"6547";"CCO-Contrato de Concessão";"004/2011";"28/06/2011";"28/06/2041";"372";"357038000116";"AXIA Norte";"70730524";"DF";"Brasília    ";"ASA NORTE";"SEPN 504 BLOCO D ED. CENTRO CORPORATIVO PORTINARI , 00"
"2026-09-23";"6548";"CCO-Contrato de Concessão";"001/2011";"27/07/2011";"27/07/2041";"7794";"13289882000107";"TESB";"90230181";"RS";"Porto Alegre   ";"Navegantes";"Rua Doutor João Inácio , 859"
"2026-09-23";"6549";"CCO-Contrato de Concessão";"008/2011";"13/10/2011";"13/10/2041";"48";"33541368000116";"AXIA Nordeste";"50761901";"PE";"Recife    ";"SAN MARTIN";"RUA DELMIRO GOUVEIA, 333 EDIFÍCIO ANDRÉ FALCÃO - SALA A317 , 333"
"2026-09-23";"6550";"CCO-Contrato de Concessão";"009/2011";"13/10/2011";"13/10/2041";"48";"33541368000116";"AXIA Nordeste";"50761901";"PE";"Recife    ";"SAN MARTIN";"RUA DELMIRO GOUVEIA, 333 EDIFÍCIO ANDRÉ FALCÃO - SALA A317 , 333"
"2026-09-23";"6551";"CCO-Contrato de Concessão";"010/2011";"13/10/2011";"13/10/2041";"48";"33541368000116";"AXIA Nordeste";"50761901";"PE";"Recife    ";"SAN MARTIN";"RUA DELMIRO GOUVEIA, 333 EDIFÍCIO ANDRÉ FALCÃO - SALA A317 , 333"
"2026-09-23";"6552";"CCO-Contrato de Concessão";"012/2011";"09/12/2011";"09/12/2041";"372";"357038000116";"AXIA Norte";"70730524";"DF";"Brasília    ";"ASA NORTE";"SEPN 504 BLOCO D ED. CENTRO CORPORATIVO PORTINARI , 00"
"2026-09-23";"6553";"CCO-Contrato de Concessão";"013/2011";"09/12/2011";"09/12/2041";"372";"357038000116";"AXIA Norte";"70730524";"DF";"Brasília    ";"ASA NORTE";"SEPN 504 BLOCO D ED. CENTRO CORPORATIVO PORTINARI , 00"
"2026-09-23";"6554";"CCO-Contrato de Concessão";"014/2011";"09/12/2011";"09/12/2041";"407";"1180000126";"AXIA";"20030900";"RJ";"Rio de Janeiro    ";"Centro";"Edifício Avenida Graça Aranha, 26 Edifício Barão de Mauá - EBM , 26"
"2026-09-23";"6555";"CCO-Contrato de Concessão";"017/2011";"09/12/2011";"09/12/2041";"48";"33541368000116";"AXIA Nordeste";"50761901";"PE";"Recife    ";"SAN MARTIN";"RUA DELMIRO GOUVEIA, 333 EDIFÍCIO ANDRÉ FALCÃO - SALA A317 , 333"
"2026-09-23";"6558";"CCO-Contrato de Concessão";"020/2011";"09/12/2011";"09/12/2041";"7912";"14395590000103";"LTTE";"70340907";"DF";"Brasília    ";"ASA SUL";"SRTVS CONJUNTO D BLOCOS A, B E C LOTE 5 SALAS 531,533 E 534 , 533"
"2026-09-23";"6559";"CCO-Contrato de Concessão";"021/2011";"09/12/2011";"09/12/2041";"11382";"27819377000123";"IE ITAPURA";"4794000";"SP";"São Paulo   ";"Vila Gertrudes";"Avenida das Nações Unidas, 14171"
"2026-09-23";"6560";"CCO-Contrato de Concessão";"022/2011";"09/12/2011";"09/12/2041";"7913";"14432763000116";"IEGARANHUNS";"52061390";"PE";"Recife    ";"Poço";"Rua João Cauás, 51"
"2026-09-23";"6564";"CCO-Contrato de Concessão";"001/2012";"12/01/2012";"12/01/2042";"7940";"14507191000197";"COSTA OESTE";"81200240";"PR";"Curitiba    ";"Campo Comprido";"Rua José Izidoro Biazetto , 158"
"2026-09-23";"6565";"CCO-Contrato de Concessão";"002/2012";"18/01/2012";"18/01/2042";"7941";"14556893000160";"ETTM";"30360680";"MG";"Belo Horizonte    ";"Santa Lúcia";"Rua Roma Sala 306-F , 561"
"2026-09-23";"6566";"CCO-Contrato de Concessão";"003/2012";"25/01/2012";"28/09/2051";"7953";"14683671000109";"TRANSNORTE";"70701000";"DF";"Brasília    ";"Asa Norte";"Quadra SHN Quadra 1, 01 "
"2026-09-23";"6567";"CCO-Contrato de Concessão";"004/2012";"10/05/2012";"10/05/2042";"97";"2016507000169";"AXIA Sul";"88040901";"SC";"Florianópolis    ";"PANTANAL";"RUA DEPUTADO ANTÔNIO EDU VIEIRA, 999 , 999"
"2026-09-23";"6568";"CCO-Contrato de Concessão";"005/2012";"10/05/2012";"10/05/2042";"48";"33541368000116";"AXIA Nordeste";"50761901";"PE";"Recife    ";"SAN MARTIN";"RUA DELMIRO GOUVEIA, 333 EDIFÍCIO ANDRÉ FALCÃO - SALA A317 , 333"
"2026-09-23";"6572";"CCO-Contrato de Concessão";"014/2012";"07/05/2012";"07/05/2042";"372";"357038000116";"AXIA Norte";"70730524";"DF";"Brasília    ";"ASA NORTE";"SEPN 504 BLOCO D ED. CENTRO CORPORATIVO PORTINARI , 00"
"2026-09-23";"6573";"CCO-Contrato de Concessão";"006/2012";"10/05/2012";"10/05/2042";"8109";"14929924000181";"ETSE";"4551000";"SP";"São Paulo   ";"VILA OLÍMPIA";"RUA OLIMPÍADAS 8º ANDAR , 66"
"2026-09-23";"6574";"CCO-Contrato de Concessão";"007/2012";"10/05/2012";"10/05/2042";"8105";"14832534000199";"CAIUÁ-T";"20021290";"RJ";"Rio de Janeiro    ";"Centro";"Rua do Passeio, 38"
"2026-09-23";"6575";"CCO-Contrato de Concessão";"008/2012";"10/05/2012";"10/05/2042";"8104";"14820785000153";"MARUMBI";"81200240";"PR";"Curitiba    ";"Campo Comprido";"Rua José Izidoro Biazetto , 158"
"2026-09-23";"6576";"CCO-Contrato de Concessão";"009/2012";"10/05/2012";"10/05/2042";"8466";"10337920000153";"NARANDIBA";"22210030";"RJ";"Rio de Janeiro    ";"Flamengo";"Praia do Flamengo, 78"
"2026-09-23";"6577";"CCO-Contrato de Concessão";"010/2012";"10/05/2012";"10/05/2042";"8103";"14863121000171";"LUZIANIA-NIQUELÂ";"20071004";"RJ";"Rio de Janeiro    ";"CENTRO";"AVENIDA PRESIDENTE VARGAS 11º ANDAR (PARTE) , 955"
"2026-09-23";"6578";"CCO-Contrato de Concessão";"011/2012";"10/05/2012";"10/05/2042";"8108";"14871900000119";"MARANHENSE";"20021290";"RJ";"Rio de Janeiro    ";"CENTRO";"RUA DO PASSEIO SETOR 2, 12º ANDAR, SALA 1201 , 38"
"2026-09-23";"6579";"CCO-Contrato de Concessão";"012/2012";"10/05/2012";"10/05/2042";"8106";"15286382000139";"TP NORTE";"20071004";"RJ";"Rio de Janeiro    ";"Centro";"Avenida Presidente Vargas, 955"
"2026-09-23";"6580";"CCO-Contrato de Concessão";"013/2012";"10/05/2012";"10/05/2042";"8102";"15286437000100";"TP SUL";"20071004";"RJ";"Rio de Janeiro    ";"Centro";"Avenida Presidente Vargas, 955"
"2026-09-23";"6582";"CCO-Contrato de Concessão";"016/2012";"10/05/2012";"10/05/2042";"407";"1180000126";"AXIA";"20030900";"RJ";"Rio de Janeiro    ";"Centro";"Edifício Avenida Graça Aranha, 26 Edifício Barão de Mauá - EBM , 26"
"2026-09-23";"6583";"CCO-Contrato de Concessão";"017/2012";"01/06/2012";"01/06/2042";"48";"33541368000116";"AXIA Nordeste";"50761901";"PE";"Recife    ";"SAN MARTIN";"RUA DELMIRO GOUVEIA, 333 EDIFÍCIO ANDRÉ FALCÃO - SALA A317 , 333"
"2026-09-23";"6584";"CCO-Contrato de Concessão";"018/2012";"01/06/2012";"01/06/2042";"48";"33541368000116";"AXIA Nordeste";"50761901";"PE";"Recife    ";"SAN MARTIN";"RUA DELMIRO GOUVEIA, 333 EDIFÍCIO ANDRÉ FALCÃO - SALA A317 , 333"
"2026-09-23";"6585";"CCO-Contrato de Concessão";"019/2012";"01/06/2012";"01/06/2042";"48";"33541368000116";"AXIA Nordeste";"50761901";"PE";"Recife    ";"SAN MARTIN";"RUA DELMIRO GOUVEIA, 333 EDIFÍCIO ANDRÉ FALCÃO - SALA A317 , 333"
"2026-09-23";"6586";"CCO-Contrato de Concessão";"020/2012";"27/08/2012";"08/10/2042";"97";"2016507000169";"AXIA Sul";"88040901";"SC";"Florianópolis    ";"PANTANAL";"RUA DEPUTADO ANTÔNIO EDU VIEIRA, 999 , 999"
"2026-09-23";"6587";"CCO-Contrato de Concessão";"021/2012";"27/08/2012";"27/08/2042";"7089";"10552848000187";"BRILHANTE";"20021290";"RJ";"Rio de Janeiro    ";"CENTRO";"RUA DO PASSEIO SALA 1201,  TORRE 02 , 38"
"2026-09-23";"6588";"CCO-Contrato de Concessão";"022/2012";"27/08/2012";"27/08/2042";"6491";"4370282000170";"COPEL-GT";"81200240";"PR";"Curitiba    ";"Mossunguê";"Rua José Izidoro Biazetto, 158 "
"2026-09-23";"6589";"CCO-Contrato de Concessão";"023/2012";"27/08/2012";"27/08/2042";"8466";"10337920000153";"NARANDIBA";"22210030";"RJ";"Rio de Janeiro    ";"Flamengo";"Praia do Flamengo, 78"
"2026-09-23";"6590";"CCO-Contrato de Concessão";"024/2012";"27/08/2012";"27/08/2042";"8193";"15867360000162";"SÃO GOTARDO";"22640101";"RJ";"Rio de Janeiro    ";"Barra da Tijuca";"Avenida das Américas Bloco 6 , 2480"
"2026-09-23";"6597";"CCO-Contrato de Concessão";"002/2013";"25/02/2013";"25/02/2043";"6491";"4370282000170";"COPEL-GT";"81200240";"PR";"Curitiba    ";"Mossunguê";"Rua José Izidoro Biazetto, 158 "
"2026-09-23";"6598";"CCO-Contrato de Concessão";"003/2013";"25/02/2013";"25/02/2043";"8312";"17079395000162";"PIRACICABA";"90230181";"RS";"Porto Alegre   ";"Navegantes";"Rua Doutor João Inácio , 859"
"2026-09-23";"6601";"CCO-Contrato de Concessão";"007/2013";"02/05/2013";"02/05/2043";"8397";"17553029000101";"PARANAÍBA";"20071004";"RJ";"Rio de Janeiro    ";"CENTRO";"AVENIDA PRESIDENTE VARGAS 12 ANDAR , 955"
"2026-09-23";"6602";"CCO-Contrato de Concessão";"008/2013";"01/08/2013";"01/08/2043";"8469";"18314074000168";"SJT/SÃO JOÃO";"22640101";"RJ";"Rio de Janeiro    ";"Barra da Tijuca";"Avenida das Américas BLOCO 6 , 2480"
"2026-09-23";"6605";"CCO-Contrato de Concessão";"011/2013";"01/08/2013";"01/08/2043";"9204";"17873542000171";"POTIGUAR";"13053024";"SP";"Campinas    ";"JARDIM NOVA AMÉRICA";"RUA ARY ANTENOR DE SOUZA , 321"
"2026-09-23";"6608";"CCO-Contrato de Concessão";"004/2013";"14/08/2013";"14/08/2043";"8501";"17261505000102";"TMT";"22250040";"RJ";"Rio de Janeiro    ";"Botafogo";"Praia Botafogo, 501"
"2026-09-23";"6609";"CCO-Contrato de Concessão";"014/2013";"09/10/2013";"09/10/2043";"8555";"18748842000191";"VSB";"22250040";"RJ";"Rio de Janeiro    ";"Botafogo";"Praia Botafogo, 501"
"2026-09-23";"6610";"CCO-Contrato de Concessão";"015/2013";"09/10/2013";"09/10/2043";"8552";"18707010000127";"SPT/SÃO PEDRO";"22640101";"RJ";"Rio de Janeiro    ";"Barra da Tijuca";"Avenida das Américas BLOCO 6 , 2480"
"2026-09-23";"6613";"CCO-Contrato de Concessão";"018/2013";"09/10/2013";"09/10/2043";"8554";"18726961000143";"PANTANAL";"74083300";"GO";"Goiânia     ";"SETOR SUL";"RUA 104 ED. JORGE FELIX NAJAR - MEZANINO SALA 04 , 454"
"2026-09-23";"6614";"CCO-Contrato de Concessão";"005/2014";"29/01/2014";"29/01/2044";"6491";"4370282000170";"COPEL-GT";"81200240";"PR";"Curitiba    ";"Mossunguê";"Rua José Izidoro Biazetto, 158 "
"2026-09-23";"6615";"CCO-Contrato de Concessão";"007/2014";"29/01/2014";"29/01/2044";"97";"2016507000169";"AXIA Sul";"88040901";"SC";"Florianópolis    ";"PANTANAL";"RUA DEPUTADO ANTÔNIO EDU VIEIRA, 999 , 999"
"2026-09-23";"6616";"CCO-Contrato de Concessão";"008/2014";"29/01/2014";"29/01/2044";"97";"2016507000169";"AXIA Sul";"88040901";"SC";"Florianópolis    ";"PANTANAL";"RUA DEPUTADO ANTÔNIO EDU VIEIRA, 999 , 999"
"2026-09-23";"6618";"CCO-Contrato de Concessão";"010/2014";"29/01/2014";"29/01/2044";"8660";"19389560000108";"RONDON";"20071004";"RJ";"Rio de Janeiro    ";"CENTRO";"AVENIDA PRESIDENTE VARGAS 16 ANDAR , 955"
"2026-09-23";"6623";"CCO-Contrato de Concessão";"011/2014";"02/05/2014";"02/10/2046";"8837";"19486977000199";"MARIANA";"22640101";"RJ";"Rio de Janeiro    ";"Barra da Tijuca";"Avenida das Américas BLOCO 6 , 2480"
"2026-09-23";"6625";"CCO-Contrato de Concessão";"001/2014";"14/05/2014";"14/05/2044";"8852";"19699063000106";"GENEBRA";"22270000";"RJ";"Rio de Janeiro    ";"Botafogo";"Rua Voluntários da Pátria, 00113"
"2026-09-23";"6626";"CCO-Contrato de Concessão";"003/2014";"14/05/2014";"14/05/2044";"8853";"19698987000198";"LAZ";"74883065";"GO";"Goiânia     ";"Alphaville Flamboyant Residencial Araguaia";"Rua Correntes , 116"
"2026-09-23";"6628";"CCO-Contrato de Concessão";"014/2014";"16/06/2014";"16/06/2044";"8965";"20223016000170";"BMTE";"20071004";"RJ";"Rio de Janeiro    ";"CENTRO";"AVENIDA PRESIDENTE VARGAS 9º ANDAR - SALA 801 , 955"
"2026-09-23";"6630";"CCO-Contrato de Concessão";"016/2014";"05/09/2014";"05/09/2044";"9095";"20626892000148";"ELTE";"4547006";"SP";"São Paulo   ";"VILA OLÍMPIA";"RUA GOMES DE CARVALHO 16º ANDAR, SALA E , 1996"
"2026-09-23";"6631";"CCO-Contrato de Concessão";"017/2014";"05/09/2014";"05/09/2044";"9094";"20514590000188";"ARGO V";"4533013";"SP";"São Paulo   ";"Itaim Bibi";"Rua Tabapuã , 841"
"2026-09-23";"6632";"CCO-Contrato de Concessão";"018/2014";"05/09/2014";"05/09/2044";"9103";"20514555000169";"ARGO VI";"4533013";"SP";"São Paulo   ";"Itaim Bibi";"Rua Tabapuã, 841"
"2026-09-23";"6633";"CCO-Contrato de Concessão";"019/2014";"05/09/2014";"05/09/2044";"9093";"20732109000120";"CANTAREIRA";"20021290";"RJ";"Rio de Janeiro    ";"Centro";"Rua do Passeio, 38"
"2026-09-23";"6635";"CCO-Contrato de Concessão";"021/2014";"05/09/2014";"05/09/2044";"6491";"4370282000170";"COPEL-GT";"81200240";"PR";"Curitiba    ";"Mossunguê";"Rua José Izidoro Biazetto, 158 "
"2026-09-23";"6636";"CCO-Contrato de Concessão";"022/2014";"05/09/2014";"05/09/2044";"6491";"4370282000170";"COPEL-GT";"81200240";"PR";"Curitiba    ";"Mossunguê";"Rua José Izidoro Biazetto, 158 "
"2026-09-23";"6638";"CCO-Contrato de Concessão";"003/2015";"06/03/2015";"29/03/2045";"5703";"7779299000173";"EDP GOIÁS";"5069900";"SP";"São Paulo   ";"LAPA DE BAIXO";"RUA WERNER VON SIEMENS 111 , 111"
"2026-09-23";"6640";"CCO-Contrato de Concessão";"006/2015";"27/03/2015";"27/03/2045";"9716";"21986001000127";"MORRO AGUDO";"13088140";"SP";"Campinas    ";"PARQUE SÃO QUIRINO";"RODOVIA ENGENHEIRO MIGUEL NOEL NASCENTES BURNIER BLOCO III, 5º ANDAR , 1755"
"2026-09-23";"6641";"CCO-Contrato de Concessão";"005/2015";"27/03/2015";"27/03/2045";"9734";"21728083000100";"ARGO VII";"4707910";"SP";"São Paulo   ";"Vila Gertrudes";"Edifício Avenida Roque Petroni Júnior 999 Morumbi Office Tower, 11º andar , 114"
"2026-09-23";"6645";"CCO-Contrato de Concessão";"007/2015";"22/10/2015";"22/10/2045";"10307";"23093056000133";"XRTE";"20071000";"RJ";"Rio de Janeiro    ";"Centro";"Avenida Presidente Vargas , 955"
"2026-09-23";"6646";"CCO-Contrato de Concessão";"004/2016";"20/01/2016";"20/01/2046";"5703";"7779299000173";"EDP GOIÁS";"5069900";"SP";"São Paulo   ";"LAPA DE BAIXO";"RUA WERNER VON SIEMENS 111 , 111"
"2026-09-23";"6647";"CCO-Contrato de Concessão";"003/2016";"18/01/2016";"18/01/2046";"10408";"23791563000140";"SANTA MARIA";"20090003";"RJ";"Rio de Janeiro    ";"Centro";"Avenida Rio Branco, 00001 "
"2026-09-23";"6648";"CCO-Contrato de Concessão";"007/2016";"11/03/2016";"11/03/2046";"10480";"24081843000128";"SANTA LUCIA";"20090003";"RJ";"Rio de Janeiro    ";"Centro";"Avenida Rio Branco, 00001 "
"2026-09-23";"6649";"CCO-Contrato de Concessão";"006/2016";"07/04/2016";"07/04/2046";"6491";"4370282000170";"COPEL-GT";"81200240";"PR";"Curitiba    ";"Mossunguê";"Rua José Izidoro Biazetto, 158 "
"2026-09-23";"6650";"CCO-Contrato de Concessão";"008/2016";"07/04/2016";"07/04/2046";"10565";"24253735000195";"Firminópolis";"74085020";"GO";"Goiânia     ";"Setor Sul";"Rua 88A , 116"
"2026-09-23";"6655";"CCO-Contrato de Concessão";"005/2016";"03/06/2016";"03/06/2046";"10712";"24176892000144";"MANTIQUEIRA";"20030020";"RJ";"Rio de Janeiro    ";"CENTRO";"AVENIDA PRESIDENTE WILSON SALAS 1703 E 1704 , 231"
"2026-09-23";"6656";"CCO-Contrato de Concessão";"022/2016";"27/06/2016";"27/06/2046";"10738";"24950223000188";"PARANAITA";"70340907";"DF";"Brasília    ";"ASA SUL";"SRTVS CONJUNTO D BLOCOS A, B E C LOTE 5 , 533"
"2026-09-23";"6657";"CCO-Contrato de Concessão";"019/2016";"27/06/2016";"27/06/2046";"10740";"24905442000145";"AGUA AZUL";"17030000";"SP";"Bauru    ";"VILA CARDIA";"AVENIDA RODRIGUES ALVES , 34-53"
"2026-09-23";"6658";"CCO-Contrato de Concessão";"014/2016";"27/06/2016";"27/06/2046";"10739";"24917078000133";"CAMPITIBA";"5433010";"SP";"São Paulo   ";"Vila Madalena";"Rua Aspicuelta, 422"
"2026-09-23";"6659";"CCO-Contrato de Concessão";"009/2016";"27/06/2016";"27/06/2046";"10737";"24624490000165";"ARGO";"4533013";"SP";"São Paulo   ";"Itaim Bibi";"Rua Tabapuã, 841"
"2026-09-23";"6661";"CCO-Contrato de Concessão";"017/2016";"27/06/2016";"27/06/2046";"7130";"7859971000130";"TAESA";"22640101";"RJ";"Rio de Janeiro    ";"Barra da Tijuca";"Avenida das Américas BLOCO 6 , 2480"
"2026-09-23";"6662";"CCO-Contrato de Concessão";"018/2016";"27/06/2016";"27/06/2046";"10786";"25022221000191";"LITORAL SUL";"5069900";"SP";"São Paulo   ";"LAPA DE BAIXO";"RUA WERNER VON SIEMENS 111 PREDIO 22 - BLOCO A , 111"
"2026-09-23";"6664";"CCO-Contrato de Concessão";"020/2016";"02/09/2016";"02/09/2046";"10828";"25224658000108";"ETC";"4547006";"SP";"São Paulo   ";"Vila Olímpia";"Rua Gomes de Carvalho, 1996"
"2026-09-23";"6665";"CCO-Contrato de Concessão";"011/2016";"29/09/2016";"29/09/2046";"10871";"24870961000115";"ETB";"4547006";"SP";"São Paulo   ";"Vila Olímpia";"Rua Gomes de Carvalho, 1996"
"2026-09-23";"6667";"CCO-Contrato de Concessão";"010/2016";"25/08/2016";"25/08/2046";"10733";"24875996000147";"PRTE";"20071004";"RJ";"Rio de Janeiro    ";"CENTRO";"AV PRESIDENTE VARGAS, 955"
"2026-09-23";"6668";"CCO-Contrato de Concessão";"013/2016";"02/09/2016";"02/09/2046";"10827";"25224629000146";"ETAP";"4547006";"SP";"São Paulo   ";"Vila Olímpia";"Rua Gomes de Carvalho, 1996"
"2026-09-23";"6669";"CCO-Contrato de Concessão";"016/2016";"25/08/2016";"25/08/2046";"10734";"24876026000166";"CANARANA";"20071004";"RJ";"Rio de Janeiro    ";"CENTRO";"AV PRESIDENTE VARGAS, 955"
"2026-09-23";"6670";"CCO-Contrato de Concessão";"021/2016";"05/10/2016";"05/10/2046";"10881";"25298162000189";"ONTE";"4552060";"SP";"São Paulo   ";"VILA OLÍMPIA";"RUA PEQUETITA , 215"
"2026-09-23";"6671";"CCO-Contrato de Concessão";"012/2016";"21/11/2016";"21/11/2046";"68";"2998611000104";"ISA ENERGIA BRASIL";"4794000";"SP";"São Paulo   ";"VILA GERTRUDES";"AVENIDA DAS NAÇÕES UNIDAS 6º ANDAR - TORRE CRYSTAL , 14171"
"2026-09-23";"6672";"CCO-Contrato de Concessão";"015/2016";"01/12/2016";"01/12/2046";"10992";"24870962000160";"EDTE";"4551000";"SP";"São Paulo   ";"Vila Olímpia";"Rua Olimpíadas, 66"
"2026-09-23";"6673";"CCO-Contrato de Concessão";"002/2017";"10/02/2017";"10/02/2047";"11091";"26796739000145";"TPE";"4547006";"SP";"São Paulo   ";"Vila Olímpia";"Rua Gomes de Carvalho, 1996"
"2026-09-23";"6674";"CCO-Contrato de Concessão";"003/2017";"10/02/2017";"28/06/2047";"11104";"26712591000113";"IE PARAGUAÇÚ";"22640101";"RJ";"Rio de Janeiro    ";"Barra da Tijuca";"Avenida das Américas , 2480"
"2026-09-23";"6675";"CCO-Contrato de Concessão";"004/2017";"10/02/2017";"06/04/2047";"11105";"26707830000147";"AIMORÉS";"22640101";"RJ";"Rio de Janeiro    ";"Barra da Tijuca";"Avenida das Américas , 2480"
"2026-09-23";"6676";"CCO-Contrato de Concessão";"005/2017";"10/02/2017";"10/02/2047";"11106";"26855869000101";"ÁGUA VERMELHA";"22250040";"RJ";"Rio de Janeiro    ";"Botafogo";"Praia Botafogo , 440"
"2026-09-23";"6677";"CCO-Contrato de Concessão";"007/2017";"10/02/2017";"10/02/2047";"11075";"26845650000121";"Barreiras";"22220001";"RJ";"Rio de Janeiro    ";"Catete";"Rua do Catete 4o andar , 359"
"2026-09-23";"6678";"CCO-Contrato de Concessão";"008/2017";"10/02/2017";"10/02/2047";"19570";"26845497000132";"Buritirama";"22220001";"RJ";"Rio de Janeiro    ";"Catete";"Rua do Catete 4o andar , 359"
"2026-09-23";"6679";"CCO-Contrato de Concessão";"012/2017";"10/02/2017";"10/02/2047";"11078";"26845393000128";"Jaíba";"22220001";"RJ";"Rio de Janeiro    ";"Catete";"Rua do Catete 4o andar , 359"
"2026-09-23";"6680";"CCO-Contrato de Concessão";"016/2017";"10/02/2017";"10/02/2047";"11071";"24691572000122";"ARGO II";"4533013";"SP";"São Paulo   ";"ITAIM BIBI";"R TABAPUA, ANDAR 5 CONJ 51, 841"
"2026-09-23";"6682";"CCO-Contrato de Concessão";"017/2017";"10/02/2017";"10/02/2047";"11111";"23776376000198";"ARGO IX";"4533013";"SP";"São Paulo   ";"Itaim Bibi";"Rua Tabapuã, 841"
"2026-09-23";"6683";"CCO-Contrato de Concessão";"018/2017";"10/02/2017";"10/02/2047";"11112";"25197233000157";"IE ITAUNAS";"4794000";"SP";"São Paulo   ";"Vila Gertrudes";"Avenida das Nações Unidas, 14171"
"2026-09-23";"6684";"CCO-Contrato de Concessão";"019/2017";"10/02/2017";"10/02/2047";"11113";"26643937000179";"ESTE";"4551000";"SP";"São Paulo   ";"VILA OLIMPIA";"R OLIMPIADAS, ANDAR 8 SALA K, 66"
"2026-09-23";"6685";"CCO-Contrato de Concessão";"020/2017";"10/02/2017";"10/02/2047";"19571";"26845702000160";"BELEM";"22220001";"RJ";"Rio de Janeiro    ";"Catete";"Rua do Catete 4o andar , 359"
"2026-09-23";"6686";"CCO-Contrato de Concessão";"001/2017";"10/02/2017";"10/02/2047";"11136";"24870139000154";"TROPICALIA";"22270000";"RJ";"Rio de Janeiro    ";"Botafogo";"Rua Voluntários da Pátria , 113"
"2026-09-23";"6687";"CCO-Contrato de Concessão";"009/2017";"10/02/2017";"10/02/2047";"11138";"26885182000119";"SERTANEJA";"4530001";"SP";"São Paulo   ";"Itaim Bibi";"Rua Doutor Renato Paes de Barros , 955"
"2026-09-23";"6688";"CCO-Contrato de Concessão";"021/2017";"10/02/2017";"10/02/2047";"3053";"4705039000165";"HORIZON ES";"4533010";"SP";"São Paulo   ";"Itaim Bibi";"Rua Tabapuã , 145"
"2026-09-23";"6689";"CCO-Contrato de Concessão";"006/2017";"10/02/2017";"10/02/2047";"11090";"26796760000140";"TCC";"4547006";"SP";"São Paulo   ";"Vila Olímpia";"Rua Gomes de Carvalho, 1996 "
"2026-09-23";"6690";"CCO-Contrato de Concessão";"010/2017";"10/02/2017";"10/02/2047";"11077";"26845460000104";"Vale do Sertão";"22220001";"RJ";"Rio de Janeiro    ";"Catete";"Rua do Catete 4o andar , 359"
"2026-09-23";"6691";"CCO-Contrato de Concessão";"013/2017";"10/02/2017";"10/02/2047";"11079";"26845283000166";"Alto Sertão";"22220001";"RJ";"Rio de Janeiro    ";"Catete";"Rua do Catete 4o andar , 359"
"2026-09-23";"6692";"CCO-Contrato de Concessão";"014/2017";"10/02/2017";"10/02/2047";"11080";"26845173000102";"PJUS";"22220001";"RJ";"Rio de Janeiro    ";"Catete";"Rua do Catete 4o andar , 359"
"2026-09-23";"6693";"CCO-Contrato de Concessão";"015/2017";"10/02/2017";"10/02/2047";"11114";"26617923000180";"JANAUBA";"22640101";"RJ";"Rio de Janeiro    ";"Barra da Tijuca";"Avenida das Américas, 2480"
"2026-09-23";"6694";"CCO-Contrato de Concessão";"011/2017";"10/02/2017";"10/02/2047";"11208";"26896005000138";"ARGO VIII";"4707910";"SP";"São Paulo   ";"Vila Gertrudes";"Edifício Avenida Roque Petroni Júnior 999 Morumbi Office Tower, 11º andar , 114"
"2026-09-23";"6699";"CCO-Contrato de Concessão";"048/2017";"21/07/2017";"21/07/2047";"11317";"27967244000102";"Tapajós";"22220001";"RJ";"Rio de Janeiro    ";"Catete";"Rua do Catete 4o andar , 359"
"2026-09-23";"6700";"CCO-Contrato de Concessão";"044/2017";"31/07/2017";"31/07/2047";"11360";"27853556000187";"SOBRAL";"22210030";"RJ";"Rio de Janeiro    ";"Flamengo";"Praia do Flamengo, 78"
"2026-09-23";"6701";"CCO-Contrato de Concessão";"038/2017";"31/07/2017";"31/07/2047";"11359";"27848099000132";"ATIBAIA";"22210030";"RJ";"Rio de Janeiro    ";"Flamengo";"Praia do Flamengo, 78"
"2026-09-23";"6702";"CCO-Contrato de Concessão";"040/2017";"31/07/2017";"31/07/2047";"11358";"27853497000147";"NEO BIGUAÇU";"22210030";"RJ";"Rio de Janeiro    ";"Flamengo";"Praia do Flamengo, 78"
"2026-09-23";"6703";"CCO-Contrato de Concessão";"025/2017";"31/07/2017";"31/07/2047";"11356";"27847973000117";"DOURADOS";"22210030";"RJ";"Rio de Janeiro    ";"Flamengo";"Praia do Flamengo, 78"
"2026-09-23";"6704";"CCO-Contrato de Concessão";"024/2017";"11/08/2017";"11/08/2047";"11381";"28092478000108";"TAESA JATOBA";"36770034";"MG";"Cataguases     ";"Centro";"Praça Rui Barbosa, 80"
"2026-09-23";"6705";"CCO-Contrato de Concessão";"027/2017";"11/08/2017";"11/08/2047";"11384";"27966089000100";"IE ITAQUERÊ";"4794000";"SP";"São Paulo   ";"Vila Gertrudes";"Avenida das Nações Unidas, 14171"
"2026-09-23";"6706";"CCO-Contrato de Concessão";"035/2017";"11/08/2017";"11/08/2047";"11385";"28008887000183";"ARCOVERDE";"20090907";"RJ";"Rio de Janeiro    ";"Centro";"Edifício Avenida Rio Branco 1, 00001"
"2026-09-23";"6707";"CCO-Contrato de Concessão";"041/2017";"11/08/2017";"11/08/2047";"11387";"27965298000120";"CGI";"1452000";"SP";"São Paulo   ";"Jardim Paulistano";"Avenida Brigadeiro Faria Lima, 2277"
"2026-09-23";"6708";"CCO-Contrato de Concessão";"042/2017";"11/08/2017";"11/08/2047";"18800";"32318927000160";"IE JAGUAR 6";"4794000";"SP";"São Paulo   ";"Vila Gertrudes";"Avenida das Nações Unidas, 14171"
"2026-09-23";"6709";"CCO-Contrato de Concessão";"043/2017";"11/08/2017";"11/08/2047";"11383";"28091111000170";"TAESA BURITI";"36770034";"MG";"Cataguases     ";"Centro";"Praça Rui Barbosa, 80"
"2026-09-23";"6710";"CCO-Contrato de Concessão";"046/2017";"11/08/2017";"11/08/2047";"11388";"27828394000127";"IE AGUAPEÍ";"4794000";"SP";"São Paulo   ";"Vila Gertrudes";"Avenida das Nações Unidas, 14171"
"2026-09-23";"6711";"CCO-Contrato de Concessão";"047/2017";"11/08/2017";"11/08/2047";"11380";"27965588000174";"ARGO IV";"4533013";"SP";"São Paulo   ";"Itaim Bibi";"Rua Tabapuã, 841"
"2026-09-23";"6712";"CCO-Contrato de Concessão";"022/2017";"11/08/2017";"11/08/2047";"11352";"28052123000195";"IVAÍ";"4794000";"SP";"São Paulo   ";"Vila Gertrudes";"Avenida das Nações Unidas, 14.171"
"2026-09-23";"6713";"CCO-Contrato de Concessão";"030/2017";"11/08/2017";"11/08/2047";"11393";"27965273000127";"LAGOA NOVA";"22640101";"RJ";"Rio de Janeiro    ";"Barra da Tijuca";"Avenida das Américas, 2480"
"2026-09-23";"6714";"CCO-Contrato de Concessão";"033/2017";"11/08/2017";"11/08/2047";"11392";"24100518000165";"LEST";"22250040";"RJ";"Rio de Janeiro    ";"Botafogo";"Praia Botafogo , 440"
"2026-09-23";"6715";"CCO-Contrato de Concessão";"023/2017";"11/08/2017";"11/08/2047";"11391";"28056960000192";"GUAIRA";"80230150";"PR";"Curitiba    ";"REBOUÇAS";"RUA JOÃO NEGRÃO SALA 02 , 2226"
"2026-09-23";"6716";"CCO-Contrato de Concessão";"037/2017";"11/08/2017";"11/08/2047";"11285";"28008699000155";"TSM";"4547006";"SP";"São Paulo   ";"Vila Olímpia";"Rua Gomes de Carvalho, 1996"
"2026-09-23";"6718";"CCO-Contrato de Concessão";"031/2017";"11/08/2017";"11/08/2047";"11401";"28008733000191";"VINEYARDS";"4548004";"SP";"São Paulo   ";"Vila Olímpia";"Avenida Doutor Cardoso de Melo, 1308"
"2026-09-23";"6719";"CCO-Contrato de Concessão";"049/2017";"11/08/2017";"11/08/2047";"11399";"27847022000148";"ARGO III";"4533013";"SP";"São Paulo   ";"Itaim Bibi";"Rua Tabapuã, 841"
"2026-09-23";"6721";"CCO-Contrato de Concessão";"052/2017";"11/08/2017";"11/08/2047";"11400";"27960581000160";"BRLIG";"90220150";"RS";"Porto Alegre   ";"Floresta";"Rua Comendador Azevedo , 150"
"2026-09-23";"6723";"CCO-Contrato de Concessão";"026/2017";"11/08/2017";"11/08/2047";"11403";"27967152000114";"IE TIBAGI";"4794000";"SP";"São Paulo   ";"Vila Gertrudes";"Avenida das Nações Unidas, 14171"
"2026-09-23";"6725";"CCO-Contrato de Concessão";"029/2017";"11/08/2017";"11/08/2047";"11406";"28228019000109";"ARTEON";"70070913";"DF";"Brasília    ";"Asa Sul";"Edifício SAUS Quadra 5 Bloco N Lote 2, S/N"
"2026-09-23";"6727";"CCO-Contrato de Concessão";"051/2017";"11/08/2017";"11/08/2047";"11402";"28285505000169";"CASTANHAL";"4552060";"SP";"São Paulo   ";"VILA OLÍMPIA";"RUA PEQUETITA , 215"
"2026-09-23";"6731";"CCO-Contrato de Concessão";"034/2017";"11/08/2017";"11/08/2047";"11404";"28127806000164";"ETENE";"1455905";"SP";"São Paulo   ";"JARDIM EUROPA";"RUA HUNGRIA 888 , 888"
"2026-09-23";"6733";"CCO-Contrato de Concessão";"036/2017";"11/08/2017";"11/08/2047";"11419";"27821748000101";"TRANSMISSORA SP-MG";"4533010";"SP";"São Paulo   ";"Itaim Bibi";"Rua Tabapuã , 145"
"2026-09-23";"6734";"CCO-Contrato de Concessão";"039/2017";"11/08/2017";"11/08/2047";"11420";"27831352000145";"ALIANÇA";"5069900";"SP";"São Paulo   ";"LAPA DE BAIXO";"RUA WERNER VON SIEMENS 111 PRÉDIO 22 - BLOCO A , 111"
"2026-09-23";"6735";"CCO-Contrato de Concessão";"028/2017";"11/08/2017";"11/08/2047";"11417";"27821761000160";"HORIZON MA I";"4533010";"SP";"São Paulo   ";"Itaim Bibi";"Rua Tabapuã , 145"
"2026-09-23";"6736";"CCO-Contrato de Concessão";"045/2017";"11/08/2017";"11/08/2047";"11421";"28454067000115";"Z2";"70070913";"DF";"Brasília    ";"Asa Sul";"Edifício SAUS Quadra 5 Bloco N Lote 2, S/N"
"2026-09-23";"6737";"CCO-Contrato de Concessão";"032/2017";"11/08/2017";"11/08/2047";"11418";"27821764000102";"HORIZON MA II";"4533010";"SP";"São Paulo   ";"Itaim Bibi";"Rua Tabapuã , 145"
"2026-09-23";"6738";"CCO-Contrato de Concessão";"050/2017";"13/09/2017";"13/09/2047";"11422";"28209035000154";"ETEPA";"78048340";"MT";"Cuiabá    ";"Alvorada";"Avenida Historiador Rubens de Mendonça, 1756"
"2026-09-23";"6742";"CCO-Contrato de Concessão";"001/2018";"08/03/2018";"08/03/2048";"11650";"27093940000129";"GRALHA AZUL";"88025255";"SC";"Florianópolis    ";"Agronômica";"Rua Paschoal Apóstolo Pítsica, 5064"
"2026-09-23";"6743";"CCO-Contrato de Concessão";"002/2018";"08/03/2018";"08/03/2048";"11651";"29554549000100";"SITE";"20021290";"RJ";"Rio de Janeiro    ";"Centro";"Rua do Passeio, 38"
"2026-09-23";"6744";"CCO-Contrato de Concessão";"003/2018";"08/03/2018";"08/03/2048";"11652";"29411968000192";"Novo Estado";"4548004";"SP";"São Paulo   ";"VILA OLÍMPIA";"AVENIDA DOUTOR CARDOSO DE MELO 8 ANDAR , 1308"
"2026-09-23";"6745";"CCO-Contrato de Concessão";"004/2018";"08/03/2018";"08/03/2048";"11653";"28443567000151";"JALAPÃO";"13053024";"SP";"Campinas    ";"Jardim Nova América";"Rua Ary Antenor de Souza, 321"
"2026-09-23";"6746";"CCO-Contrato de Concessão";"005/2018";"08/03/2018";"08/03/2048";"11654";"29740261000120";"ASSÚ";"80230150";"PR";"Curitiba    ";"REBOUÇAS";"RUA JOÃO NEGRÃO , 2226"
"2026-09-23";"6747";"CCO-Contrato de Concessão";"006/2018";"08/03/2018";"08/03/2048";"11639";"28443625000147";"SANTA LUZIA";"58600000";"PB";"Santa Luzia    ";"ZONA RURAL";"ROD BR 230, S/N"
"2026-09-23";"6748";"CCO-Contrato de Concessão";"007/2018";"08/03/2018";"08/03/2048";"11642";"29568539000123";"LINHA VERDE I";"30110044";"MG";"Belo Horizonte    ";"Lourdes";"Avenida do Contorno, 6594"
"2026-09-23";"6749";"CCO-Contrato de Concessão";"008/2018";"08/03/2018";"08/03/2048";"11644";"29532071000117";"LINHA VERDE II";"22250906";"RJ";"Rio de Janeiro    ";"BOTAFOGO";"PRAIA BOTAFOGO, 228 , 228"
"2026-09-23";"6750";"CCO-Contrato de Concessão";"009/2018";"08/03/2018";"08/03/2048";"11645";"28594202000128";"Z3";"70070913";"DF";"Brasília    ";"Asa Sul";"Edifício SAUS Quadra 5 Bloco N Lote 2, S/N"
"2026-09-23";"6751";"CCO-Contrato de Concessão";"010/2018";"08/03/2018";"08/03/2048";"11647";"29774616000100";"BRE";"3410020";"SP";"São Paulo   ";"Chácara Santo Antônio (Zona Leste)";"Rua Areião , 239"
"2026-09-23";"6752";"CCO-Contrato de Concessão";"011/2018";"08/03/2018";"10/02/2051";"11648";"29774606000166";"ITAMARACA";"4543120";"SP";"São Paulo   ";"Vila Nova Conceição";"Rua Doutor Eduardo de Souza Aranha 5 andar , 153"
"2026-09-23";"6753";"CCO-Contrato de Concessão";"012/2018";"21/09/2018";"21/09/2048";"11962";"28218051000103";"IE BIGUAÇU";"4794000";"SP";"São Paulo   ";"Vila Gertrudes";"Avenida das Nações Unidas, 14171"
"2026-09-23";"6754";"CCO-Contrato de Concessão";"013/2018";"21/09/2018";"21/09/2048";"11963";"31484507000191";"LAGOS";"17030050";"SP";"Bauru    ";"Vila Monlevade";"Rua Francisco de Souza Barbosa, 1-60 "
"2026-09-23";"6755";"CCO-Contrato de Concessão";"014/2018";"21/09/2018";"21/09/2048";"11964";"31095265000144";"DUNAS";"20030021";"RJ";"Rio de Janeiro    ";"CENTRO";"AVENIDA PRESIDENTE WILSON , 1703 / 1704"
"2026-09-23";"6756";"CCO-Contrato de Concessão";"015/2018";"21/09/2018";"21/09/2048";"11965";"31109417000110";"BORBOREMA";"4571900";"SP";"São Paulo   ";"CIDADE MONÇÕES";"AVENIDA ENGENHEIRO LUIZ CARLOS BERRINI 105 , 105"
"2026-09-23";"6757";"CCO-Contrato de Concessão";"016/2018";"21/09/2018";"21/09/2048";"11966";"31188415000164";"BRE 2";"3410020";"SP";"São Paulo   ";"Chácara Santo Antônio (Zona Leste)";"Rua Areião , 239"
"2026-09-23";"6758";"CCO-Contrato de Concessão";"017/2018";"21/09/2018";"21/09/2048";"11953";"31318293000183";"FS";"4543011";"SP";"São Paulo   ";"Vila Nova Conceição";"Avenida Presidente Juscelino Kubitschek, 2041 "
"2026-09-23";"6759";"CCO-Contrato de Concessão";"018/2018";"21/09/2018";"21/09/2048";"11967";"31095252000175";"SÃO FRANCISCO";"4551060";"SP";"São Paulo   ";"Vila Olímpia";"Rua Funchal , 538"
"2026-09-23";"6760";"CCO-Contrato de Concessão";"019/2018";"21/09/2018";"21/09/2048";"11968";"31260687000128";"BRE 3";"3410020";"SP";"São Paulo   ";"Chácara Santo Antônio (Zona Leste)";"Rua Areião , 239"
"2026-09-23";"6761";"CCO-Contrato de Concessão";"020/2018";"21/09/2018";"21/09/2048";"11969";"31161310000111";"MARACANAÚ";"13087397";"SP";"Campinas    ";"Jardim Professora Tarcília";"Rua Jorge de Figueiredo Corrêa, 1632"
"2026-09-23";"6762";"CCO-Contrato de Concessão";"021/2018";"21/09/2018";"21/09/2048";"11382";"27819377000123";"IE ITAPURA";"4794000";"SP";"São Paulo   ";"Vila Gertrudes";"Avenida das Nações Unidas, 14171"
"2026-09-23";"6763";"CCO-Contrato de Concessão";"022/2018";"21/09/2018";"21/09/2048";"11954";"31326856000185";"COLINAS";"4543011";"SP";"São Paulo   ";"Vila Nova Conceição";"Avenida Presidente Juscelino Kubitschek, 2041"
"2026-09-23";"6764";"CCO-Contrato de Concessão";"023/2018";"21/09/2018";"21/09/2048";"11970";"31095289000101";"GOYAZ";"4571900";"SP";"São Paulo   ";"CIDADE MONÇÕES";"AVENIDA ENGENHEIRO LUIZ CARLOS BERRINI 105 , 105"
"2026-09-23";"6765";"CCO-Contrato de Concessão";"024/2018";"21/09/2018";"21/09/2048";"11971";"31231893000100";"MEZ 3";"4029100";"SP";"São Paulo   ";"INDIANÓPOLIS";"AVENIDA IBIRAPUERA , S/N"
"2026-09-23";"6766";"CCO-Contrato de Concessão";"025/2018";"21/09/2018";"21/09/2048";"12385";"31231479000109";"MEZ 4";"4029200";"SP";"São Paulo   ";"INDIANÓPOLIS";"AVENIDA IBIRAPUERA , S/N"
"2026-09-23";"6767";"CCO-Contrato de Concessão";"026/2018";"21/09/2018";"21/09/2048";"11973";"31096307000161";"MARITUBA";"4571900";"SP";"São Paulo   ";"CIDADE MONÇÕES";"AVENIDA ENGENHEIRO LUIZ CARLOS BERRINI 105 , 105"
"2026-09-23";"6769";"CCO-Contrato de Concessão";"028/2018";"21/09/2018";"21/09/2048";"11955";"31326865000176";"SIMÕES";"4543011";"SP";"São Paulo   ";"Vila Nova Conceição";"Avenida Presidente Juscelino Kubitschek, 2041 "
"2026-09-23";"6770";"CCO-Contrato de Concessão";"029/2018";"21/09/2018";"21/09/2048";"11976";"31254573000175";"MATA GRANDE";"5069900";"SP";"São Paulo   ";"LAPA DE BAIXO";"RUA WERNER VON SIEMENS 111 EDIFÍCIO RUA WERNER VON SIEMENS 111 , -3"
"2026-09-23";"6771";"CCO-Contrato de Concessão";"030/2018";"21/09/2018";"21/09/2048";"11975";"28201009000180";"TAESA AROEIRA";"36770034";"MG";"Cataguases     ";"Centro";"Praça Rui Barbosa, 80"
"2026-09-23";"6772";"CCO-Contrato de Concessão";"031/2018";"21/09/2018";"21/09/2048";"11974";"31095322000195";"SOLARIS";"4571900";"SP";"São Paulo   ";"CIDADE MONÇÕES";"AVENIDA ENGENHEIRO LUIZ CARLOS BERRINI 105 , 105"
"2026-09-23";"6774";"CCO-Contrato de Concessão";"001/2019";"22/03/2019";"22/03/2049";"12352";"28443452000167";"VALE DO ITAJAÍ";"13053024";"SP";"Campinas    ";"Jardim Nova América";"Rua Ary Antenor de Souza, 321"
"2026-09-23";"6775";"CCO-Contrato de Concessão";"002/2019";"22/03/2019";"22/03/2049";"12291";"28438913000103";"GUANABARA";"13053024";"SP";"Campinas    ";"Jardim Nova América";"Rua Ary Antenor de Souza, 321"
"2026-09-23";"6776";"CCO-Contrato de Concessão";"003/2019";"22/03/2019";"20/06/2049";"12292";"28439049000164";"ITABAPOANA";"13053024";"SP";"Campinas    ";"Jardim Nova América";"Rua Ary Antenor de Souza, 321"
"2026-09-23";"6777";"CCO-Contrato de Concessão";"004/2019";"22/03/2019";"22/03/2049";"12353";"32655445000104";"TAESA CAJUI";"22640101";"RJ";"Rio de Janeiro    ";"Barra da Tijuca";"Avenida das Américas Bloco 6 , 2480"
"2026-09-23";"6778";"CCO-Contrato de Concessão";"005/2019";"22/03/2019";"22/03/2049";"12354";"33062635000172";"CPFL SUL I";"13087397";"SP";"Campinas    ";"Jardim Professora Tarcília";"Rua Jorge de Figueiredo Corrêa, 1632"
"2026-09-23";"6780";"CCO-Contrato de Concessão";"007/2019";"22/03/2019";"22/03/2049";"12355";"32668008000117";"AMAPAR";"17030050";"SP";"Bauru    ";"Vila Monlevade";"Rua Francisco de Souza Barbosa, 1-60"
"2026-09-23";"6783";"CCO-Contrato de Concessão";"010/2019";"22/03/2019";"22/03/2049";"12358";"32398119000150";"CHIMARRÃO";"20030020";"RJ";"Rio de Janeiro    ";"CENTRO";"AVENIDA PRESIDENTE WILSON , 231"
"2026-09-23";"6784";"CCO-Contrato de Concessão";"011/2019";"22/03/2019";"22/03/2049";"12359";"33062600000133";"CPFL SUL II";"90230181";"RS";"Porto Alegre   ";"Navegantes";"Rua Doutor João Inácio , 859"
"2026-09-23";"6785";"CCO-Contrato de Concessão";"012/2019";"22/03/2019";"22/03/2049";"7130";"7859971000130";"TAESA";"22640101";"RJ";"Rio de Janeiro    ";"Barra da Tijuca";"Avenida das Américas BLOCO 6 , 2480"
"2026-09-23";"6786";"CCO-Contrato de Concessão";"013/2019";"22/03/2019";"22/03/2049";"12361";"32184487000104";"PAMPA";"20030020";"RJ";"Rio de Janeiro    ";"CENTRO";"AVENIDA PRESIDENTE WILSON , 231"
"2026-09-23";"6787";"CCO-Contrato de Concessão";"014/2019";"22/03/2019";"22/03/2049";"12293";"28439014000125";"LAGOA DOS PATOS";"13053024";"SP";"Campinas    ";"Jardim Nova América";"Rua Ary Antenor de Souza, 321"
"2026-09-23";"6789";"CCO-Contrato de Concessão";"016/2019";"22/03/2019";"22/03/2049";"12363";"32667691000178";"PARINTINS";"20021290";"RJ";"Rio de Janeiro    ";"Centro";"Rua do Passeio, 38"
"2026-09-23";"6791";"CCO-Contrato de Concessão";"001/2020";"20/03/2020";"20/03/2050";"7055";"8543286000163";"EVRECY";"4794000";"SP";"São Paulo   ";"VILA GERTRUDES";"AVENIDA DAS NAÇÕES UNIDAS TORRE CRYSTAL , 14171"
"2026-09-23";"6796";"CCO-Contrato de Concessão";"002/2020";"20/03/2020";"20/03/2050";"13961";"36243890000100";"MEZ 2";"4029100";"SP";"São Paulo   ";"INDIANÓPOLIS";"AVENIDA IBIRAPUERA , 1761"
"2026-09-23";"6797";"CCO-Contrato de Concessão";"003/2020";"20/03/2020";"20/03/2050";"13963";"36238971000111";"RIO-MINAS";"17030050";"SP";"Bauru    ";"Vila Monlevade";"Rua Francisco de Souza Barbosa, 1-60"
"2026-09-23";"6798";"CCO-Contrato de Concessão";"004/2020";"20/03/2020";"20/03/2050";"13964";"36409559000117";"TRL";"78048340";"MT";"Cuiabá    ";"Alvorada";"Avenida Historiador Rubens de Mendonça , 1756"
"2026-09-23";"6800";"CCO-Contrato de Concessão";"006/2020";"20/03/2020";"20/03/2050";"11403";"27967152000114";"IE TIBAGI";"4794000";"SP";"São Paulo   ";"Vila Gertrudes";"Avenida das Nações Unidas, 14171"
"2026-09-23";"6801";"CCO-Contrato de Concessão";"007/2020";"20/03/2020";"20/03/2050";"6245";"8580534000146";"IE MINAS GERAIS";"4794000";"SP";"São Paulo   ";"VILA GERTRUDES";"AVENIDA DAS NAÇÕES UNIDAS TORRE CRYSTAL , 14171"
"2026-09-23";"6802";"CCO-Contrato de Concessão";"008/2020";"20/03/2020";"20/03/2050";"13970";"36348379000172";"DOM PEDRO II";"79002970";"MS";"Campo Grande   ";"CENTRO";"AVENIDA AVENIDA CALÓGERAS, 2309 , 770"
"2026-09-23";"6803";"CCO-Contrato de Concessão";"009/2020";"20/03/2020";"20/03/2050";"13973";"28438816000110";"RIO FORMOSO";"13053024";"SP";"Campinas    ";"Jardim Nova América";"Rua Ary Antenor de Souza, 321"
"2026-09-23";"6804";"CCO-Contrato de Concessão";"010/2020";"20/03/2020";"20/03/2050";"13974";"33950678000194";"MEZ";"4029100";"SP";"São Paulo   ";"Indianópolis";"Avenida Ibirapuera , 1753"
"2026-09-23";"6805";"CCO-Contrato de Concessão";"011/2020";"20/03/2020";"20/03/2050";"13976";"36242938000165";"ACRE";"17030050";"SP";"Bauru    ";"Vila Monlevade";"Rua Francisco de Souza Barbosa, 1-60"
"2026-09-23";"6807";"CCO-Contrato de Concessão";"003/2021";"31/03/2021";"31/03/2051";"15409";"40215231000137";"MEZ 5";"4029200";"SP";"São Paulo   ";"Indianópolis";"Avenida Ibirapuera, S/N"
"2026-09-23";"6808";"CCO-Contrato de Concessão";"009/2021";"31/03/2021";"31/03/2051";"15082";"34025997000156";"ENERGISA-AM";"70340907";"DF";"Brasília    ";"ASA SUL";"SRTVS CONJUNTO D BLOCOS A, B E C LOTE 5 , 533"
"2026-09-23";"6809";"CCO-Contrato de Concessão";"001/2021";"31/03/2021";"31/03/2051";"15416";"28438834000100";"MORRO DO CHAPÉU";"13053024";"SP";"Campinas    ";"Jardim Nova América";"Rua Ary Antenor de Souza, 321"
"2026-09-23";"6810";"CCO-Contrato de Concessão";"002/2021";"31/03/2021";"30/06/2055";"15417";"40215276000101";"MEZ 6";"4029200";"SP";"São Paulo   ";"Indianópolis";"Avenida Ibirapuera, S/N"
"2026-09-23";"6811";"CCO-Contrato de Concessão";"004/2021";"31/03/2021";"31/03/2051";"5785";"92715812000131";"CPFL Transmissão";"91410400";"RS";"Porto Alegre   ";"JARDIM DO SALSO";"AVENIDA JOAQUIM PORTO VILLANOVA PREDIO A1 - SALA 722 , 201"
"2026-09-23";"6812";"CCO-Contrato de Concessão";"005/2021";"31/03/2021";"31/03/2051";"15418";"32578606000103";"IE Riacho Grande";"4794000";"SP";"São Paulo   ";"Vila Gertrudes";"Avenida das Nações Unidas, 14171"
"2026-09-23";"6815";"CCO-Contrato de Concessão";"008/2021";"31/03/2021";"31/03/2051";"15421";"41018598000123";"BRE 4";"3410020";"SP";"São Paulo   ";"Chácara Santo Antônio (Zona Leste)";"Rua Areião, 239"
"2026-09-23";"6816";"CCO-Contrato de Concessão";"010/2021";"14/05/2021";"14/05/2051";"15575";"41554993000120";"SILVÂNIA";"20071004";"RJ";"Rio de Janeiro    ";"Centro";"Avenida Presidente Vargas, 955"
"2026-09-23";"6817";"CCO-Contrato de Concessão";"011/2021";"30/09/2021";"30/09/2051";"16107";"43076117000161";"EDP NORTE";"5069900";"SP";"São Paulo   ";"LAPA DE BAIXO";"RUA WERNER VON SIEMENS 111 , 111"
"2026-09-23";"6818";"CCO-Contrato de Concessão";"012/2021";"30/09/2021";"30/09/2051";"16110";"42900251000172";"SSP";"22250040";"RJ";"Rio de Janeiro    ";"Botafogo";"Praia Botafogo , 501"
"2026-09-23";"6820";"CCO-Contrato de Concessão";"014/2021";"30/09/2021";"30/09/2051";"15083";"34025976000130";"TAESA MACAUBA";"22640101";"RJ";"Rio de Janeiro    ";"Barra da Tijuca";"Avenida das Américas Bloco 6 , 2480"
"2026-09-23";"6823";"CCO-Contrato de Concessão";"001/2022";"31/03/2022";"31/03/2052";"16789";"42215683000144";"ANANAI";"22640101";"RJ";"Rio de Janeiro    ";"Barra da Tijuca";"Avenida das Américas , 2480"
"2026-09-23";"6824";"CCO-Contrato de Concessão";"002/2022";"31/03/2022";"31/03/2052";"16790";"45133828000156";"JAÇANÃ";"4551060";"SP";"São Paulo   ";"Vila Olímpia";"Rua Funchal , 538"
"2026-09-23";"6825";"CCO-Contrato de Concessão";"003/2022";"31/03/2022";"31/03/2052";"16791";"44857667000180";"TBO";"4547905";"SP";"São Paulo   ";"Vila Olímpia";"Edifício Rua Gomes de Carvalho 1996 Andar 16 conj 162 sala M , 1996"
"2026-09-23";"6826";"CCO-Contrato de Concessão";"004/2022";"31/03/2022";"31/03/2052";"16792";"28438899000148";"EKTT 8";"13053024";"SP";"Campinas    ";"Jardim Nova América";"Rua Ary Antenor de Souza, 321"
"2026-09-23";"6827";"CCO-Contrato de Concessão";"005/2022";"31/03/2022";"31/03/2052";"15084";"34025952000181";"EAP";"70340907";"DF";"Brasília    ";"ASA SUL";"SRTVS CONJUNTO D BLOCOS A, B E C LOTE 5 , 701"
"2026-09-23";"6828";"CCO-Contrato de Concessão";"006/2022";"30/09/2022";"30/09/2052";"17604";"44323802000108";"VERDE";"20030905";"RJ";"Rio de Janeiro    ";"Centro";"Edifício Avenida Presidente Wilson, 231, 231"
"2026-09-23";"6829";"CCO-Contrato de Concessão";"007/2022";"30/09/2022";"30/09/2052";"17605";"28438777000151";"EKTT 9";"13053024";"SP";"Campinas    ";"JARDIM NOVA AMÉRICA";"RUA ARY ANTENOR DE SOUZA , 321"
"2026-09-23";"6830";"CCO-Contrato de Concessão";"008/2022";"30/09/2022";"30/09/2052";"68";"2998611000104";"ISA ENERGIA BRASIL";"4794000";"SP";"São Paulo   ";"VILA GERTRUDES";"AVENIDA DAS NAÇÕES UNIDAS 6º ANDAR - TORRE CRYSTAL , 14171"
"2026-09-23";"6831";"CCO-Contrato de Concessão";"009/2022";"30/09/2022";"30/09/2052";"17606";"47425219000104";"AMAPAR II";"17030050";"SP";"Bauru    ";"Vila Monlevade";"Rua Francisco de Souza Barbosa, 1-60"
"2026-09-23";"6833";"CCO-Contrato de Concessão";"011/2022";"30/09/2022";"30/09/2052";"17608";"32578582000184";"IE JAGUAR 8";"4794000";"SP";"São Paulo   ";"Vila Gertrudes";"Avenida das Nações Unidas, 14.171"
"2026-09-23";"6834";"CCO-Contrato de Concessão";"012/2022";"30/09/2022";"30/09/2052";"17609";"44729393000144";"GAVIÃO REAL";"88025255";"SC";"Florianópolis    ";"Agronômica";"Rua Paschoal Apóstolo Pítsica, 5064"
"2026-09-23";"6835";"CCO-Contrato de Concessão";"013/2022";"30/09/2022";"30/09/2052";"63155";"61649204000142";"NERA CALADINHO";"20030900";"RJ";"Rio de Janeiro    ";"Centro";"Edifício Avenida Graça Aranha, 26 Sal 1801 , 26"
"2026-09-23";"6837";"CCO-Contrato de Concessão";"015/2022";"30/09/2022";"30/09/2052";"17611";"45661917000175";"PITIGUARI";"22640101";"RJ";"Rio de Janeiro    ";"Barra da Tijuca";"Avenida das Américas, 2480"
"2026-09-23";"6838";"CCO-Contrato de Concessão";"016/2022";"30/09/2022";"30/09/2052";"17612";"36257187000150";"NEOENERGIA 11";"13053024";"SP";"Campinas    ";"JARDIM NOVA AMÉRICA";"RUA ARY ANTENOR DE SOUZA , 321"
"2026-09-23";"6839";"CCO-Contrato de Concessão";"017/2022";"30/09/2022";"30/09/2052";"17613";"47185644000165";"EAM II";"70340907";"DF";"Brasília    ";"ASA SUL";"SRTVS CONJUNTO D BLOCOS A, B E C LOTE 5 , 533"
"2026-09-23";"6840";"CCO-Contrato de Concessão";"018/2022";"30/09/2022";"30/09/2052";"17614";"47439944000123";"ACRE II";"17030050";"SP";"Bauru    ";"Vila Monlevade";"Rua Francisco de Souza Barbosa, 1-60"
"2026-09-23";"6841";"CCO-Contrato de Concessão";"001/2023";"30/03/2023";"30/03/2053";"5015";"7070850000105";"Centroeste";"30190131";"MG";"Belo Horizonte    ";"Santo Agostinho";"Avenida Barbacena Andar 19 , 1200"
"2026-09-23";"6842";"CCO-Contrato de Concessão";"002/2023";"30/03/2023";"30/03/2053";"18831";"49537506000123";"EDP NORTE 2";"29900380";"ES";"Linhares    ";"Colina";"Rua Governador Bley, 94"
"2026-09-23";"6843";"CCO-Contrato de Concessão";"003/2023";"30/03/2023";"30/03/2053";"18755";"45690276000187";"TANGARÁ TRANSMISSORA";"22640101";"RJ";"Rio de Janeiro    ";"Barra da Tijuca";"Avenida das Américas, 2480"
"2026-09-23";"6844";"CCO-Contrato de Concessão";"004/2023";"30/03/2023";"30/03/2053";"18799";"49008174000190";"EDF OITI";"20031004";"RJ";"Rio de Janeiro    ";"Centro";"Avenida Almirante Barroso 19 º e 20º andar , 81"
"2026-09-23";"6845";"CCO-Contrato de Concessão";"005/2023";"30/03/2023";"30/03/2053";"7130";"7859971000130";"TAESA";"22640101";"RJ";"Rio de Janeiro    ";"Barra da Tijuca";"Avenida das Américas BLOCO 6 , 2480"
"2026-09-23";"6846";"CCO-Contrato de Concessão";"006/2023";"29/09/2023";"29/09/2053";"68";"2998611000104";"ISA ENERGIA BRASIL";"4794000";"SP";"São Paulo   ";"VILA GERTRUDES";"AVENIDA DAS NAÇÕES UNIDAS 6º ANDAR - TORRE CRYSTAL , 14171"
"2026-09-23";"6847";"CCO-Contrato de Concessão";"007/2023";"29/09/2023";"29/09/2053";"19559";"51715706000170";"Rialma T V";"71200228";"DF";"Brasília    ";"Zona Industrial (Guará)";"Trecho SIA Trecho 17 Rua 10 ST SIA TRECHO 17 VIA IA 4 LT 1080/1020/415 , 1080"
"2026-09-23";"6848";"CCO-Contrato de Concessão";"008/2023";"29/09/2023";"29/09/2053";"19558";"47290852000124";"BURITI";"20030021";"RJ";"Rio de Janeiro    ";"Centro";"Avenida Presidente Wilson, 231"
"2026-09-23";"6849";"CCO-Contrato de Concessão";"009/2023";"29/09/2023";"29/09/2053";"19629";"51762902000104";"JANAPU";"20030900";"RJ";"Rio de Janeiro    ";"Centro";"Edifício Avenida Graça Aranha, 26, 00026"
"2026-09-23";"6850";"CCO-Contrato de Concessão";"010/2023";"29/09/2023";"29/09/2053";"19628";"36920154000149";"ASA BRANCA";"88025255";"SC";"Florianópolis    ";"Agronômica";"Rua Paschoal Apóstolo Pítsica, 5064"
"2026-09-23";"6851";"CCO-Contrato de Concessão";"011/2023";"29/09/2023";"29/09/2053";"6910";"10242524000142";"PEDRAS";"20021290";"RJ";"Rio de Janeiro    ";"CENTRO";"RUA DO PASSEIO SETOR 2, 12º ANDAR, SALA 1201 , 38"
"2026-09-23";"6852";"CCO-Contrato de Concessão";"012/2023";"29/09/2023";"29/09/2053";"68";"2998611000104";"ISA ENERGIA BRASIL";"4794000";"SP";"São Paulo   ";"VILA GERTRUDES";"AVENIDA DAS NAÇÕES UNIDAS 6º ANDAR - TORRE CRYSTAL , 14171"
"2026-09-23";"6853";"CCO-Contrato de Concessão";"013/2023";"29/09/2023";"29/09/2053";"19561";"52007076000142";"Rialma T VI";"71200228";"DF";"Brasília    ";"Zona Industrial (Guará)";"Trecho SIA Trecho 17 Rua 10 , 1080"
"2026-09-23";"6854";"CCO-Contrato de Concessão";"014/2023";"29/09/2023";"29/09/2053";"11403";"27967152000114";"IE TIBAGI";"4794000";"SP";"São Paulo   ";"Vila Gertrudes";"Avenida das Nações Unidas, 14171"
"2026-09-23";"6856";"CCO-Contrato de Concessão";"015/2023";"22/12/2023";"22/12/2053";"19905";"49786044000188";"TECP";"4547006";"SP";"São Paulo   ";"Vila Olímpia";"Rua Gomes de Carvalho, 1996"
"2026-09-23";"6857";"CCO-Contrato de Concessão";"001/2024";"03/04/2024";"03/04/2054";"55130";"53819657000141";"GATE";"20071004";"RJ";"Rio de Janeiro    ";"Centro";"Avenida Presidente Vargas , 955"
"2026-09-23";"6858";"CCO-Contrato de Concessão";"002/2024";"03/04/2024";"03/04/2054";"19905";"49786044000188";"TECP";"4547006";"SP";"São Paulo   ";"Vila Olímpia";"Rua Gomes de Carvalho, 1996"
"2026-09-23";"6859";"CCO-Contrato de Concessão";"003/2024";"03/04/2024";"03/04/2054";"6903";"10242700000146";"COQUEIROS";"20021290";"RJ";"Rio de Janeiro    ";"NomBairro";"RUA DO PASSEIO"
"2026-09-23";"6860";"CCO-Contrato de Concessão";"004/2024";"28/06/2024";"28/06/2054";"57371";"55059716000156";"NOVA ERA TERESINA";"20030900";"RJ";"Rio de Janeiro    ";"Centro";"Edifício Avenida Graça Aranha, 26 , 26"
"2026-09-23";"6861";"CCO-Contrato de Concessão";"005/2024";"28/06/2024";"28/06/2054";"58412";"46989951000136";"EDP NORDESTE";"29050310";"ES";"Vitória     ";"Enseada do Suá";"Rua Florentino Faller , 80"
"2026-09-23";"6862";"CCO-Contrato de Concessão";"006/2024";"28/06/2024";"28/06/2054";"57374";"55030768000108";"Nova Era Ceará";"20030900";"RJ";"Rio de Janeiro    ";"Centro";"Edifício Avenida Graça Aranha, 26 , 26"
"2026-09-23";"6863";"CCO-Contrato de Concessão";"007/2024";"28/06/2024";"28/06/2054";"56433";"53191447000151";"GSI";"22270000";"RJ";"Rio de Janeiro    ";"Botafogo";"Rua Voluntários da Pátria pavimento 5, 7° andar, parte , 113"
"2026-09-23";"6864";"CCO-Contrato de Concessão";"008/2024";"28/06/2024";"28/06/2054";"57376";"55042636000198";"Nova Era Integração";"20030900";"RJ";"Rio de Janeiro    ";"Centro";"Edifício Avenida Graça Aranha, 26 , 26"
"2026-09-23";"6865";"CCO-Contrato de Concessão";"009/2024";"28/06/2024";"28/06/2054";"56434";"50232311000154";"GSII";"22270000";"RJ";"Rio de Janeiro    ";"Botafogo";"Rua Voluntários da Pátria , 113"
"2026-09-23";"6866";"CCO-Contrato de Concessão";"010/2024";"28/06/2024";"28/06/2054";"58413";"55078934000138";"EDP NORTE NORDESTE 1";"29050310";"ES";"Vitória     ";"Enseada do Suá";"Rua Florentino Faller , 80"
"2026-09-23";"6867";"CCO-Contrato de Concessão";"011/2024";"28/06/2024";"28/06/2054";"58847";"54948932000190";"Brasrio";"2167030";"SP";"São Paulo   ";"Jardim Andaraí";"Rua Coronel Guilherme Rocha , 160"
"2026-09-23";"6868";"CCO-Contrato de Concessão";"012/2024";"28/06/2024";"28/06/2054";"57375";"55032808000142";"Nova Era Catarina";"20030900";"RJ";"Rio de Janeiro    ";"Centro";"Edifício Avenida Graça Aranha, 26 , 26"
"2026-09-23";"6869";"CCO-Contrato de Concessão";"013/2024";"28/06/2024";"28/06/2054";"58259";"55082801000135";"CT1";"22775028";"RJ";"Rio de Janeiro    ";"Jacarepaguá";"Avenida Júlio de Sá Bierrenbach BLOCO 2 SALA 104 , 200"
"2026-09-23";"6870";"CCO-Contrato de Concessão";"014/2024";"28/06/2024";"28/06/2054";"57432";"54800488000160";"Anastácio";"87014010";"PR";"Maringá     ";"Zona Armazém";"Avenida Carneiro Leão Sala 1302 , 563"
"2026-09-23";"6871";"CCO-Contrato de Concessão";"015/2024";"28/06/2024";"28/06/2054";"57311";"51012309000132";"EMA I";"70340907";"DF";"Brasília    ";"Asa Sul";"Edifício SRTVS Conjunto D Blocos A, B e C Lote 5 , 531,533"
"2026-09-23";"6872";"CCO-Contrato de Concessão";"016/2024";"28/06/2024";"28/06/2054";"58414";"55078938000116";"EDP NORTE NORDESTE 2";"29050310";"ES";"Vitória     ";"Enseada do Suá";"Rua Florentino Faller , 80"
"2026-09-23";"6873";"CCO-Contrato de Concessão";"017/2024";"28/06/2024";"28/06/2054";"56448";"48400777000170";"GSIII";"22270000";"RJ";"Rio de Janeiro    ";"Botafogo";"Rua Voluntários da Pátria , 113"
"2026-09-23";"6874";"CCO-Contrato de Concessão";"018/2024";"28/06/2024";"28/06/2054";"57693";"54880764000148";"TPC";"4547905";"SP";"São Paulo   ";"Vila Olímpia";"Edifício Rua Gomes de Carvalho 1996 , -3"
"2026-09-23";"6875";"CCO-Contrato de Concessão";"019/2024";"09/12/2024";"09/12/2054";"18885";"41972185000183";"GRAUNA";"88025255";"SC";"Florianópolis    ";"Agronômica";"Rua Paschoal Apóstolo Pítsica , 5064"
"2026-09-23";"6876";"CCO-Contrato de Concessão";"020/2024";"09/12/2024";"09/12/2054";"59969";"42215810000105";"JURUA";"22640101";"RJ";"Rio de Janeiro    ";"Barra da Tijuca";"Avenida das Américas BLOCO 6 , 2480"
"2026-09-23";"6877";"CCO-Contrato de Concessão";"021/2024";"09/12/2024";"09/12/2054";"59946";"56979361000186";"CT2";"22775028";"RJ";"Rio de Janeiro    ";"Jacarepaguá";"Avenida Júlio de Sá Bierrenbach BLOCO 2 SALA 104 , 200"
"2026-09-23";"6880";"CCO-Contrato de Concessão";"001/2026";"23/02/2026";"23/02/2056";"64841";"64523892000198";"IEPSA";"4550004";"SP";"São Paulo   ";"Vila Olímpia";"Rua Alvorada CJ. 617-A , 1289"
"2026-09-23";"6881";"CCO-Contrato de Concessão";"002/2026";"23/02/2026";"23/02/2056";"64641";"63620382000176";"Rialma VII";"71200228";"DF";"Brasília    ";"Zona Industrial (Guará)";"Trecho SIA Trecho 17 Rua 10 , 1080"
"2026-09-23";"6882";"CCO-Contrato de Concessão";"003/2026";"23/02/2026";"23/02/2056";"5785";"92715812000131";"CPFL Transmissão";"91410400";"RS";"Porto Alegre   ";"JARDIM DO SALSO";"AVENIDA JOAQUIM PORTO VILLANOVA PREDIO A1 - SALA 722 , 201"
"2026-09-23";"6883";"CCO-Contrato de Concessão";"004/2026";"23/02/2026";"23/02/2056";"64674";"63808670000159";"Guaporé Sul";"22280040";"RJ";"Rio de Janeiro    ";"Botafogo";"Rua Professor Álvaro Rodrigues 7º andar , 352"
"2026-09-23";"6884";"CCO-Contrato de Concessão";"005/2026";"23/02/2026";"23/02/2056";"65375";"64409379000170";"EDP MATRINCHA 2";"76730000";"GO";"Matrinchã   ";"Zona Rural";"ROD GO-449 , -3"
"2026-09-23";"6885";"CCO-Contrato de Concessão";"006/2026";"23/02/2026";"23/02/2056";"64527";"63973075000179";"Nova Ponte";"20030000";"RJ";"Rio de Janeiro    ";"Centro";"Avenida Graça Aranha  Edifício Sede da Axia Energia , 26"
"2026-09-23";"6886";"CCO-Contrato de Concessão";"007/2026";"23/02/2026";"23/02/2056";"64528";"64051074000130";"Paracatu";"20030000";"RJ";"Rio de Janeiro    ";"Centro";"Avenida Graça Aranha Edifício Sede da Axia Energia , 26"
"2026-09-23";"6887";"CCO-Contrato de Concessão";"008/2026";"23/02/2026";"23/02/2056";"64570";"63952387000104";"Carnauba";"20030000";"RJ";"Rio de Janeiro    ";"Centro";"Avenida Graça Aranha Anexo ao Edifício Sede da AXIA Energia , 26"
"2026-09-23";"6888";"CCO-Contrato de Concessão";"009/2026";"23/02/2026";"23/02/2056";"64569";"63952418000119";"Seridó";"20030000";"RJ";"Rio de Janeiro    ";"Centro";"Avenida Graça Aranha Anexo ao Edifício Sede da AXIA Energia , 26"
"2026-09-23";"6889";"CCO-Contrato de Concessão";"010/2026";"03/06/2026";"03/06/2056";"65572";"52885150000123";"LOBO-GUARÁ";"20030021";"RJ";"Rio de Janeiro    ";"Centro";"Avenida Presidente Wilson 17º andar - Sala 1703 , 231"
"2026-09-23";"6890";"CCO-Contrato de Concessão";"011/2026";"26/06/2026";"26/06/2056";"65440";"65898270000107";"COLIBRI SUL";"88025255";"SC";"Florianópolis    ";"Agronômica";"Rua Paschoal Apóstolo Pítsica , 5064"
"2026-09-23";"6891";"CCO-Contrato de Concessão";"018/2026";"10/06/2026";"25/01/2042";"7953";"14683671000109";"TRANSNORTE";"70701000";"DF";"Brasília    ";"Asa Norte";"Quadra SHN Quadra 1, 01 "
"2026-09-23";"6892";"CCO-Contrato de Concessão";"012/2026";"26/06/2026";"26/06/2056";"65441";"65900282000129";"COLIBRI A";"88025255";"SC";"Florianópolis    ";"Agronômica";"Rua Paschoal Apóstolo Pítsica , 5064"
"2026-09-23";"6893";"CCO-Contrato de Concessão";"013/2026";"26/06/2026";"26/06/2056";"65435";"66219992000150";"COLIBRI B";"88025255";"SC";"Florianópolis    ";"Agronômica";"Rua Paschoal Apóstolo Pítsica , 5064"
"2026-09-23";"6894";"CCO-Contrato de Concessão";"016/2026";"26/06/2026";"26/06/2056";"65571";"66766672000110";"BR2ET";"3410020";"SP";"São Paulo   ";"Chácara Santo Antônio (Zona Leste)";"Rua Areião Sala 15 , 239"
"2026-09-23";"6895";"CCO-Contrato de Concessão";"014/2026";"26/06/2026";"26/06/2056";"65436";"66221786000185";"COLIBRI C";"88025255";"SC";"Florianópolis    ";"Agronômica";"Rua Paschoal Apóstolo Pítsica , 5064"
"2026-09-23";"6896";"CCO-Contrato de Concessão";"015/2026";"26/06/2026";"26/06/2056";"65438";"66221889000145";"COLIBRI D";"88025255";"SC";"Florianópolis    ";"Agronômica";"Rua Paschoal Apóstolo Pítsica , 5064"
"2026-09-23";"6898";"CCO-Contrato de Concessão";"017/2026";"26/06/2026";"26/06/2056";"65573";"66587194000181";"CASTANHEIRA";"20030021";"RJ";"Rio de Janeiro    ";"Centro";"Avenida Presidente Wilson 17º andar - SALA 1703 , 231"
"2026-09-23";"6899";"CCO-Contrato de Concessão";"021/2026";"09/08/2026";"09/08/2056";"66044";"68575271000109";"AXIA ENERGIA JAURU";"20030900";"RJ";"Rio de Janeiro    ";"Centro";"Edifício Avenida Graça Aranha, 26 Sala 1801 , 26"
"2026-09-23";"6900";"CCO-Contrato de Concessão";"020/2026";"08/09/2026";"08/09/2056";"66045";"68653154000116";"AE VALE DO PARAÍBA";"20030000";"RJ";"Rio de Janeiro    ";"Centro";"Avenida Graça Aranha Sala 1801 , 26"
"2026-09-23";"6901";"CCO-Contrato de Concessão";"019/2026";"08/09/2026";"08/09/2056";"66061";"68722714000147";"AE NAVIRAÍ TRANSMISS";"20030900";"RJ";"Rio de Janeiro    ";"Centro";"Edifício Avenida Graça Aranha, 26 Sala 1801 , 26"
"2026-09-23";"6902";"CCO-Contrato de Concessão";"022/2026";"10/09/2026";"10/09/2056";"66073";"68572674000102";"TESP";"4547905";"SP";"São Paulo   ";"Vila Olímpia";"Edifício Rua Gomes de Carvalho 1996 16 Andar Sala H , 1996"
