arquivo;empresa;cnpj;ano;tipo;titulo;url
alupar_rs2023.pdf;Alupar;08.364.948/0001-38;2023;relatorio_sustentabilidade;Relatório de Sustentabilidade 2023;https://rs.alupar.com.br/
alupar_rs2025.pdf;Alupar;08.364.948/0001-38;2025;relatorio_sustentabilidade;Relatório de Sustentabilidade 2025;https://rs.alupar.com.br/
auren_ra2024.pdf;Auren Energia;28.594.234/0001-23;2024;relatorio_anual;Relatório Anual 2024;https://www.aurenenergia.com.br/
axia_ras2025.pdf;Axia Energia (ex-Eletrobras);00.001.180/0001-26;2025;relatorio_sustentabilidade;Relatório Anual de Sustentabilidade 2025;https://axia.com.br/en/esg/sustainability-report-2025
eletrobras_ra2024.pdf;Axia Energia (ex-Eletrobras);00.001.180/0001-26;2024;relatorio_anual;Relatório Anual Eletrobras 2024;https://eletrobras.com/pt/Documents/Eletrobras_RA_2024.pdf
cemig_ras2024.pdf;Cemig;17.155.730/0001-64;2024;relatorio_sustentabilidade;Relatório Anual de Sustentabilidade 2024;https://www.cemig.com.br/
cemig_ras2025.pdf;Cemig;17.155.730/0001-64;2025;relatorio_sustentabilidade;Relatório Anual de Sustentabilidade 2025;https://www.cemig.com.br/wp-content/uploads/2026/06/ras-2025.pdf
cemig_gee2026.pdf;Cemig;17.155.730/0001-64;2025;inventario_gee;Inventário Corporativo de Emissões de GEE 2026 (ano base 2025);https://www.cemig.com.br/wp-content/uploads/2026/06/gee-2026.pdf
cemig_tcfd2025.pdf;Cemig;17.155.730/0001-64;2025;relatorio_tcfd;Relatório TCFD Cemig 2025;https://www.cemig.com.br/wp-content/uploads/2025/07/tcfd-2025.pdf
cemig_plano_climatico.pdf;Cemig;17.155.730/0001-64;2026;plano_climatico;Plano de Ação Climática: caminhos para a transição de baixo carbono;https://www.cemig.com.br/wp-content/uploads/2026/04/plano-acao-climatica.pdf
copel_materialidade_2023_2025.pdf;Copel;76.483.817/0001-20;2023;materialidade;Relatório do Processo de Materialidade 2023-2025;https://copelsustentabilidade.com/
copel_ri2024.pdf;Copel;76.483.817/0001-20;2024;relato_integrado;Relato Integrado 2024;https://copelsustentabilidade.com/gestao-da-sustentabilidade/publicacoes-e-documentos-de-sustentabilidade/relatorios/relato-integrado/
copel_ri2025.pdf;Copel;76.483.817/0001-20;2025;relato_integrado;Relato Integrado 2025;https://copelsustentabilidade.com/gestao-da-sustentabilidade/publicacoes-e-documentos-de-sustentabilidade/relatorios/relato-integrado/
cpfl_ra24.pdf;CPFL Energia;02.429.144/0001-93;2024;relatorio_anual;Relatório Anual 2024 (versão resumida);https://www.grupocpfl.com.br/
cpfl_ra2025.pdf;CPFL Energia;02.429.144/0001-93;2025;relatorio_anual;Relatório Anual 2025;https://www.grupocpfl.com.br/sites/default/files/2026-03/CPFL2025_v06.pdf
edp_ras2024.pdf;EDP Brasil;03.983.431/0001-03;2024;relatorio_sustentabilidade;Relatório Anual de Sustentabilidade 2024 (EDP na América do Sul);https://www.edp.com/sites/default/files/document/2025-05/Relatorio%20Anual%20de%20Sustentabilidade%202024.pdf
edp_ras2025.pdf;EDP Brasil;03.983.431/0001-03;2025;relatorio_sustentabilidade;Relatório Anual de Sustentabilidade 2025 (EDP na América do Sul);https://edp.com/sites/default/files/document/2026-04/RelatorioAnualdeSustentabilidadeEDPSA_2025.pdf
eneva_ri2025.pdf;Eneva;04.423.567/0001-21;2025;relato_integrado;Relato Integrado 2025;https://ri.eneva.com.br/
engie_rs2024.pdf;Engie Brasil Energia;02.474.103/0001-19;2024;relatorio_sustentabilidade;Relatório de Sustentabilidade 2024;https://www.engie.com.br/
engie_rs2025.pdf;Engie Brasil Energia;02.474.103/0001-19;2025;relatorio_sustentabilidade;Relatório de Sustentabilidade 2025;https://www.engie.com.br/wp-content/uploads/2026/04/ENGIE_RS2025_PT.pdf
equatorial_rs2024.pdf;Equatorial;03.220.438/0001-73;2024;relatorio_sustentabilidade;Relatório de Sustentabilidade 2024;https://ri.equatorialenergia.com.br/esg/relatorios-anuais-e-de-sustentabilidade/
equatorial_rs2025.pdf;Equatorial;03.220.438/0001-73;2025;relatorio_sustentabilidade;Relatório de Sustentabilidade 2025;https://ri.equatorialenergia.com.br/esg/relatorios-anuais-e-de-sustentabilidade/
isacteep_ras2024.pdf;ISA Energia Brasil;02.998.611/0001-04;2024;relatorio_sustentabilidade;Relatório de Sustentabilidade 2024;https://ri.isaenergiabrasil.com.br/
isaenergia_ra2025.pdf;ISA Energia Brasil;02.998.611/0001-04;2025;relatorio_sustentabilidade;Relatório de Sustentabilidade 2025;https://s3.sa-east-1.amazonaws.com/static.cteep.aatb.com.br/Arquivos/Download/relatorio-anual-isaenergia-2025.pdf
neoenergia_ras2024.pdf;Neoenergia;01.083.200/0001-18;2024;relatorio_sustentabilidade;Relatório Anual de Sustentabilidade 2024;https://ri.neoenergia.com/relatorios-de-sustentabilidade/
taesa_rs2024.pdf;Taesa;07.859.971/0001-30;2024;relatorio_sustentabilidade;Relatório Anual de Sustentabilidade 2024;https://ri.taesa.com.br/
taesa_rs2025.pdf;Taesa;07.859.971/0001-30;2025;relatorio_sustentabilidade;Relatório Anual de Sustentabilidade 2025 (dados preliminares até 30/09/2025);https://ri.taesa.com.br/wp-content/uploads/2018/11/Relatorio-de-Sustentabilidade-da-TAESA-2025.pdf
ref_cvm_resolucao_193.pdf;CVM (regulação);;2023;regulacao;Resolução CVM 193/2023 (relatório de sustentabilidade com base no IFRS S1 e S2), texto consolidado;https://conteudo.cvm.gov.br/export/sites/cvm/legislacao/resolucoes/anexos/100/resol193consolid.pdf
ref_cvm_resolucao_244.pdf;CVM (regulação);;2026;regulacao;Resolução CVM 244/2026, que altera a Resolução CVM 193;https://conteudo.cvm.gov.br/export/sites/cvm/legislacao/resolucoes/anexos/200/resol244.pdf
ref_epe_ben2026.pdf;EPE (referência setorial);;2025;referencia;Balanço Energético Nacional 2026 (ano base 2025);https://www.epe.gov.br/sites-pt/publicacoes-dados-abertos/publicacoes/PublicacoesArquivos/publicacao-975/topico-850/BEN2026.pdf
ref_seeg13_energia.pdf;SEEG (referência setorial);;2024;referencia;SEEG 13: nota metodológica do setor de energia (emissões 1970-2024);https://seeg.eco.br/wp-content/uploads/2026/01/SEEG13-NM-ENERGIA-BR.pdf
celesc_rs2025.pdf;Celesc;83.878.892/0001-55;2025;relatorio_sustentabilidade;Relatório de Sustentabilidade 2025;https://ri.celesc.com.br/
